title,year,venue,cited_by,arxiv,doi,authors,source,axk,doik,tk,key,in_corpus
"Comparing scientific abstracts generated by ChatGPT to original abstracts using an artificial intelligence output detector, plagiarism detector, and blinded human reviewers",2022,bioRxiv (Cold Spring Harbor Laboratory),412,,10.1101/2022.12.23.521610,"Catherine A. Gao, Frederick M. Howard, Nikolay S. Markov et al.",OA,,10.1101/2022.12.23.521610,comparingscientificabstractsgeneratedbychatgpttoorigina,10.1101/2022.12.23.521610,False
Assessing the Utility of ChatGPT Throughout the Entire Clinical Workflow: Development and Usability Study,2023,Journal of Medical Internet Research,385,,10.2196/48659,"Arya Rao, Michael Pang, John Kim et al.",OA,,10.2196/48659,assessingtheutilityofchatgptthroughouttheentireclinical,10.2196/48659,False
Large language models could change the future of behavioral healthcare: a proposal for responsible development and evaluation,2024,npj Mental Health Research,265,,10.1038/s44184-024-00056-z,"Elizabeth Cameron Stade, Shannon Wiltsey Stirman, Lyle Ungar et al.",OA,,10.1038/s44184-024-00056-z,largelanguagemodelscouldchangethefutureofbehavioralheal,10.1038/s44184-024-00056-z,False
Evaluating Large Language Models in Generating Synthetic HCI Research Data: a Case Study,2023,,232,,10.1145/3544548.3580688,"Perttu Hämäläinen, Mikke Tavast, Anton Kunnari",OA,,10.1145/3544548.3580688,evaluatinglargelanguagemodelsingeneratingsynthetichcire,10.1145/3544548.3580688,False
Integrated image-based deep learning and language models for primary diabetes care,2024,Nature Medicine,195,,10.1038/s41591-024-03139-8,"Jiajia Li, Zhouyu Guan, Jing Wang et al.",OA,,10.1038/s41591-024-03139-8,integratedimagebaseddeeplearningandlanguagemodelsforpri,10.1038/s41591-024-03139-8,False
Harnessing ChatGPT and GPT-4 for evaluating the rheumatology questions of the Spanish access exam to specialized medical training,2023,medRxiv,63,,10.1101/2023.07.21.23292821,"Alfredo Madrid-García, Z. Rosales-Rosado, Dalifer Freites-Núñez et al.",S2b,,10.1101/2023.07.21.23292821,harnessingchatgptandgpt4forevaluatingtherheumatologyque,10.1101/2023.07.21.23292821,False
Uncovering the semantics of concepts using GPT-4,2023,Proceedings of the National Academy of Sciences,63,,10.1073/pnas.2309350120,"Gaël Le Mens, Balázs Kovács, Michael Hannan et al.",OA,,10.1073/pnas.2309350120,uncoveringthesemanticsofconceptsusinggpt4,10.1073/pnas.2309350120,False
Generating Automatic Feedback on UI Mockups with Large Language Models,2024,,61,2403.13139,10.1145/3613904.3642782,"Peitong Duan, Jeremy Warner, Yang Li et al.",OA,2403.13139,10.1145/3613904.3642782,generatingautomaticfeedbackonuimockupswithlargelanguage,2403.13139,False
From Humans to Machines: Can ChatGPT-like LLMs Effectively Replace Human Annotators in NLP Tasks?,2023,,47,,,"Surendrabikram Thapa, Usman Naseem, Mehwish Nasim",S2b,,,fromhumanstomachinescanchatgptlikellmseffectivelyreplac,fromhumanstomachinescanchatgptlikellmseffectivelyreplac,False
Performance of ChatGPT in Diagnosis of Corneal Eye Diseases,2023,medRxiv,44,,10.1101/2023.08.25.23294635,"Mohammad Delsoz, Y. Madadi, Wuqaas M. Munir et al.",S2b,,10.1101/2023.08.25.23294635,performanceofchatgptindiagnosisofcornealeyediseases,10.1101/2023.08.25.23294635,False
Humans or LLMs as the Judge? A Study on Judgement Bias,2024,,38,,10.18653/v1/2024.emnlp-main.474,"Guiming Hardy Chen, Shunian Chen, Ziche Liu et al.",OA,,10.18653/v1/2024.emnlp-main.474,humansorllmsasthejudgeastudyonjudgementbias,10.18653/v1/2024.emnlp-main.474,False
BeaverTails: Towards Improved Safety Alignment of LLM via a Human-Preference Dataset,2023,arXiv (Cornell University),34,2307.04657,10.48550/arxiv.2307.04657,"Jiaming Ji, Mickel Liu, Juntao Dai et al.",OA,2307.04657,10.48550/arxiv.2307.04657,beavertailstowardsimprovedsafetyalignmentofllmviaahuman,2307.04657,False
LLMs can be Fooled into Labelling a Document as Relevant: best café near me; this paper is perfectly relevant,2024,,29,,10.1145/3673791.3698431,"Marwah Alaofi, Paul Thomas, Falk Scholer et al.",OA,,10.1145/3673791.3698431,llmscanbefooledintolabellingadocumentasrelevantbestcafn,10.1145/3673791.3698431,False
Advancing Spatial Reasoning in Large Language Models: An In-Depth Evaluation and Enhancement Using the StepGame Benchmark,2024,Proceedings of the AAAI Conference on Artificial Intelligence,22,,10.1609/aaai.v38i17.29811,"Fangjun Li, David Hogg, Anthony G. Cohn",OA,,10.1609/aaai.v38i17.29811,advancingspatialreasoninginlargelanguagemodelsanindepth,10.1609/aaai.v38i17.29811,False
Ethical Concerns About ChatGPT in Healthcare: A Useful Tool or the Tombstone of Original and Reflective Thinking?,2024,Cureus,21,,10.7759/cureus.54759,"Marina Z Kapsali, Efstratios Livanis, C. Tsalikidis et al.",S2b,,10.7759/cureus.54759,ethicalconcernsaboutchatgptinhealthcareausefultoolorthe,10.7759/cureus.54759,False
AI Benchmark Half-Life in Recursive Corpora: A Theory of Validity Decay under Semantic Leakage and Regeneration,2024,arXiv (Cornell University),18,2406.19314,10.48550/arxiv.2406.19314,"Colin White, Samuel Dooley, Manley Roberts et al.",OA,2406.19314,10.48550/arxiv.2406.19314,aibenchmarkhalflifeinrecursivecorporaatheoryofvalidityd,2406.19314,False
TEaR: Improving LLM-based Machine Translation with Systematic Self-Refinement,2025,,18,,10.18653/v1/2025.findings-naacl.218,"Zhaopeng Feng, Yan Zhang, Hao Li et al.",OA,,10.18653/v1/2025.findings-naacl.218,tearimprovingllmbasedmachinetranslationwithsystematicse,10.18653/v1/2025.findings-naacl.218,False
How to Use Large Language Models for Empirical Legal Research,2024,Journal of Institutional and Theoretical Economics JITE,18,,10.1628/jite-2024-0006,Jonathan H. Choi,OA,,10.1628/jite-2024-0006,howtouselargelanguagemodelsforempiricallegalresearch,10.1628/jite-2024-0006,False
Closing the Loop: Testing ChatGPT to Generate Model Explanations to Improve Human Labelling of Sponsored Content on Social Media,2023,arXiv.org,16,2306.05115,10.48550/arXiv.2306.05115,"Thales Bertaglia, Stefan Huber, Catalina Goanta et al.",S2b,2306.05115,10.48550/arxiv.2306.05115,closingthelooptestingchatgpttogeneratemodelexplanations,2306.05115,False
Classification performance and reproducibility of GPT-4 omni for information extraction from veterinary electronic health records,2025,Frontiers in Veterinary Science,13,,10.3389/fvets.2024.1490030,"Judit M. Wulcan, Kevin L Jacques, Mary Ann Lee et al.",OA,,10.3389/fvets.2024.1490030,classificationperformanceandreproducibilityofgpt4omnifo,10.3389/fvets.2024.1490030,False
Consumer Responses to Generative AI Chatbots Versus Search Engines for Product Evaluation,2025,Journal of theoretical and applied electronic commerce research,13,,10.3390/jtaer20020093,"Soyoung Kim, Randi Priluck",OA,,10.3390/jtaer20020093,consumerresponsestogenerativeaichatbotsversussearchengi,10.3390/jtaer20020093,False
Text-to-SQL Domain Adaptation via Human-LLM Collaborative Data Annotation,2025,International Conference on Intelligent User Interfaces,12,2502.1598,10.1145/3708359.3712083,"Yuan Tian, Daniel Lee, Fei Wu et al.",S2,2502.1598,10.1145/3708359.3712083,texttosqldomainadaptationviahumanllmcollaborativedataan,2502.1598,False
Chasing sleep physicians: ChatGPT-4o on the interpretation of polysomnographic results,2024,European Archives of Oto-Rhino-Laryngology,9,,10.1007/s00405-024-08985-3,"Christopher Seifen, Tilman Huppertz, Haralampos Gouveris et al.",OA,,10.1007/s00405-024-08985-3,chasingsleepphysicianschatgpt4oontheinterpretationofpol,10.1007/s00405-024-08985-3,False
Assessing the accuracy and consistency of large language models in triaging social media posts for psychological distress,2025,Psychiatry Research,9,,10.1016/j.psychres.2025.116583,"Michele Settanni, Francesco Quilghini, Anna Toscano et al.",OA,,10.1016/j.psychres.2025.116583,assessingtheaccuracyandconsistencyoflargelanguagemodels,10.1016/j.psychres.2025.116583,False
AI meets sleep surgery: assessing drug-induced sleep endoscopy interpretation with a large language model,2025,SLEEP,8,,10.1093/sleep/zsaf338,"Sholem Hack, Shibli Alsleibi, Shai Shemesh et al.",OA,,10.1093/sleep/zsaf338,aimeetssleepsurgeryassessingdruginducedsleependoscopyin,10.1093/sleep/zsaf338,False
Has the creativity of large-language models peaked?,2025,Journal of Creativity,7,,10.1016/j.yjoc.2025.100113,"Jennifer Haase, Paul H. P. Hanel, Sebastian Pokutta",OA,,10.1016/j.yjoc.2025.100113,hasthecreativityoflargelanguagemodelspeaked,10.1016/j.yjoc.2025.100113,False
Evaluating ChatGPT’s Performance in Classifying Pertrochanteric Fractures Based on Arbeitsgemeinschaft für Osteosynthesefragen/Orthopedic Trauma Association (AO/OTA) Standards,2025,Cureus,6,,10.7759/cureus.78068,"Mitsuaki Noda, Shunsuke Takahara, Shinya Hayashi et al.",S2,,10.7759/cureus.78068,evaluatingchatgptsperformanceinclassifyingpertrochanter,10.7759/cureus.78068,False
Evaluation of large language models within GenAI in qualitative research,2025,Scientific Reports,5,,10.1038/s41598-025-18969-w,"Supriya D. Mehta, Souvik Paul, Enid Awiti et al.",OA,,10.1038/s41598-025-18969-w,evaluationoflargelanguagemodelswithingenaiinqualitative,10.1038/s41598-025-18969-w,False
Transfer Learning and Lexicon-Based Approaches for Implicit Hate Speech Detection: A Comparative Study of Human and GPT-4 Annotation,2024,International Computer Science Conference,4,,10.1109/ICSC59802.2024.00028,"Saad Almohaimeed, Saleh Almohaimeed, Ladislau Bölöni",S2,,10.1109/icsc59802.2024.00028,transferlearningandlexiconbasedapproachesforimplicithat,10.1109/icsc59802.2024.00028,False
Quati: A Brazilian Portuguese Information Retrieval Dataset from Native Speakers,2024,,4,,10.5753/stil.2024.245426,"Mirelle Candida Bueno, E. Seiti de Oliveira, Rodrigo Nogueira et al.",OA,,10.5753/stil.2024.245426,quatiabrazilianportugueseinformationretrievaldatasetfro,10.5753/stil.2024.245426,False
An Experimental Assessment of AI-Based Legal Decision-Making Systems in Contract Analysis and Risk Detection,2025,Qubahan Techno Journal,3,,10.48161/qtj.v5n1a81,"Tatiana Suplicy Barbosa, Douglas de Castro, Anand Kumar Singh et al.",OA,,10.48161/qtj.v5n1a81,anexperimentalassessmentofaibasedlegaldecisionmakingsys,10.48161/qtj.v5n1a81,False
Benchmarking Generation and Evaluation Capabilities of Large Language Models for Instruction Controllable Summarization,2023,arXiv (Cornell University),3,2311.09184,10.48550/arxiv.2311.09184,"Yixin Liu, Alexander R. Fabbri, Jiawen Chen et al.",OA,2311.09184,10.48550/arxiv.2311.09184,benchmarkinggenerationandevaluationcapabilitiesoflargel,2311.09184,False
"Language Models Hallucinate, but May Excel at Fact Verification",2023,arXiv (Cornell University),3,2310.14564,10.48550/arxiv.2310.14564,"Jian Guan, Jesse Dodge, David Wadden et al.",OA,2310.14564,10.48550/arxiv.2310.14564,languagemodelshallucinatebutmayexcelatfactverification,2310.14564,False
CalibJudge: Calibrated LLM-as-a-Judge for Multilingual RAG with Uncertainty-Aware Scoring,2026,,3,,10.1145/3807246.3807349,"Chenfeiyu Wen, Ao Zhu, Runkun Long et al.",OA,,10.1145/3807246.3807349,calibjudgecalibratedllmasajudgeformultilingualragwithun,10.1145/3807246.3807349,False
LLM-Assisted Relevance Assessments: When Should We Ask LLMs for Help?,2024,arXiv (Cornell University),3,2411.06877,10.48550/arxiv.2411.06877,"Rikiya Takehi, Ellen M. Voorhees, Tetsuya Sakai et al.",OA,2411.06877,10.48550/arxiv.2411.06877,llmassistedrelevanceassessmentswhenshouldweaskllmsforhe,2411.06877,False
Automating Clinical Phenotyping Using Natural Language Processing: An Application for Crohn’s Disease,2023,medRxiv,3,,10.1101/2023.10.16.23297099,"Linea Schmidt, Susanne Ibing, Florian Borchert et al.",OA,,10.1101/2023.10.16.23297099,automatingclinicalphenotypingusingnaturallanguageproces,10.1101/2023.10.16.23297099,False
Online Prediction of User Enjoyment in Human-Robot Dialogue with LLMs,2025,,3,,10.1109/hri61500.2025.10973944,"Ruben Janssens, André Pereira, Gabriel Skantze et al.",OA,,10.1109/hri61500.2025.10973944,onlinepredictionofuserenjoymentinhumanrobotdialoguewith,10.1109/hri61500.2025.10973944,False
From Voices to Validity: Leveraging Large Language Models (LLMs) for Textual Analysis of Policy Stakeholder Interviews,2025,AERA Open,3,,10.1177/23328584251374595,"Alex Liu, Sun Min",OA,,10.1177/23328584251374595,fromvoicestovalidityleveraginglargelanguagemodelsllmsfo,10.1177/23328584251374595,False
JudgeBlender: Ensembling Automatic Relevance Judgments,2025,,3,,10.1145/3701716.3715536,"Hossein A. Rahmani, Emine Yilmaz, Nick Craswell et al.",OA,,10.1145/3701716.3715536,judgeblenderensemblingautomaticrelevancejudgments,10.1145/3701716.3715536,False
Trust or Escalate: LLM Judges with Provable Guarantees for Human Agreement,2024,arXiv (Cornell University),3,2407.1837,10.48550/arxiv.2407.18370,"Jaehun Jung, Faeze Brahman, Yejin Choi",OA,2407.1837,10.48550/arxiv.2407.18370,trustorescalatellmjudgeswithprovableguaranteesforhumana,2407.1837,False
LLM-GLOBE: A Benchmark Evaluating the Cultural Values Embedded in LLM Output,2024,arXiv (Cornell University),3,2411.06032,10.48550/arxiv.2411.06032,"Elise Karinshak, Amanda Hu, Kewen Kong et al.",OA,2411.06032,10.48550/arxiv.2411.06032,llmglobeabenchmarkevaluatingtheculturalvaluesembeddedin,2411.06032,False
