openalex_id,title,year,venue,cited_by,type,arxiv,doi,authors,abstract,topical,already
W4384662964,ChatGPT outperforms crowd workers for text-annotation tasks,2023,Proceedings of the National Academy of Sciences,898,article,,10.1073/pnas.2305016120,"Fabrizio Gilardi, Meysam Alizadeh, Maël Kubli","Many NLP applications require manual text annotations for a variety of tasks, notably to train classifiers or evaluate the performance of unsupervised models. Depending on the size and degree of complexity, the tasks may be conducted by crowd workers on platforms such as MTurk as well as trained annotators, such as research assistants. Using four samples of tweets and news articles ( n = 6,183), we show that ChatGPT outperforms crowd workers for several annotation tasks, including relevance, stance, topics, and frame detection. Across the four datasets, the zero-shot accuracy of ChatGPT exceed",True,False
W4389519254,G-Eval: NLG Evaluation using Gpt-4 with Better Human Alignment,2023,,560,article,,10.18653/v1/2023.emnlp-main.153,"Yang Liu, Dan Iter, Xu Yi‐chong et al.","The quality of texts generated by natural language generation (NLG) systems is hard to measure automatically. Conventional reference-based metrics, such as BLEU and ROUGE, have been shown to have relatively low correlation with human judgments, especially for tasks that require creativity and diversity. Recent studies suggest using large language models (LLMs) as reference-free metrics for NLG evaluation, which have the benefit of being applicable to new tasks that lack human references. However, these LLM-based evaluators still have lower human correspondence than medium-size neural evaluator",True,False
W4313294616,"Comparing scientific abstracts generated by ChatGPT to original abstracts using an artificial intelligence output detector, plagiarism detector, and blinded human reviewers",2022,bioRxiv (Cold Spring Harbor Laboratory),412,preprint,,10.1101/2022.12.23.521610,"Catherine A. Gao, Frederick M. Howard, Nikolay S. Markov et al.","Abstract Background Large language models such as ChatGPT can produce increasingly realistic text, with unknown information on the accuracy and integrity of using these models in scientific writing. Methods We gathered ten research abstracts from five high impact factor medical journals (n=50) and asked ChatGPT to generate research abstracts based on their titles and journals. We evaluated the abstracts using an artificial intelligence (AI) output detector, plagiarism detector, and had blinded human reviewers try to distinguish whether abstracts were original or generated. Results All ChatGPT-",True,False
W4386045865,Assessing the Utility of ChatGPT Throughout the Entire Clinical Workflow: Development and Usability Study,2023,Journal of Medical Internet Research,385,article,,10.2196/48659,"Arya Rao, Michael Pang, John Kim et al.","BACKGROUND: Large language model (LLM)-based artificial intelligence chatbots direct the power of large training data sets toward successive, related tasks as opposed to single-ask tasks, for which artificial intelligence already achieves impressive performance. The capacity of LLMs to assist in the full scope of iterative clinical reasoning via successive prompting, in effect acting as artificial physicians, has not yet been evaluated. OBJECTIVE: This study aimed to evaluate ChatGPT's capacity for ongoing clinical decision support via its performance on standardized clinical vignettes. METHOD",True,False
W4386120650,Evaluating large language models on medical evidence summarization,2023,npj Digital Medicine,357,article,,10.1038/s41746-023-00896-7,"Liyan Tang, Zhaoyi Sun, Betina Idnay et al.","Recent advances in large language models (LLMs) have demonstrated remarkable successes in zero- and few-shot performance on various downstream tasks, paving the way for applications in high-stakes domains. In this study, we systematically examine the capabilities and limitations of LLMs, specifically GPT-3.5 and ChatGPT, in performing zero-shot medical evidence summarization across six clinical domains. We conduct both automatic and human evaluations, covering several dimensions of summary quality. Our study demonstrates that automatic metrics often do not strongly correlate with the quality o",True,False
W4391494845,Benchmarking Large Language Models for News Summarization,2024,Transactions of the Association for Computational Linguistics,306,article,,10.1162/tacl_a_00632,"Tianyi Zhang, Faisal Ladhak, Esin Durmus et al.","Abstract Large language models (LLMs) have shown promise for automatic summarization but the reasons behind their successes are poorly understood. By conducting a human evaluation on ten LLMs across different pretraining methods, prompts, and model scales, we make two important observations. First, we find instruction tuning, not model size, is the key to the LLM’s zero-shot summarization capability. Second, existing studies have been limited by low-quality references, leading to underestimates of human performance and lower few-shot and finetuning performance. To better evaluate LLMs, we perf",True,False
W4317553041,"How Close is ChatGPT to Human Experts? Comparison Corpus, Evaluation, and Detection",2023,arXiv (Cornell University),292,preprint,2301.07597,10.48550/arxiv.2301.07597,"Biyang Guo, Xin Zhang, Ziyuan Wang et al.","The introduction of ChatGPT has garnered widespread attention in both academic and industrial communities. ChatGPT is able to respond effectively to a wide range of human questions, providing fluent and comprehensive answers that significantly surpass previous public chatbots in terms of security and usefulness. On one hand, people are curious about how ChatGPT is able to achieve such strength and how far it is from human experts. On the other hand, people are starting to worry about the potential negative impacts that large language models (LLMs) like ChatGPT could have on society, such as fa",True,False
W4393397034,Large language models could change the future of behavioral healthcare: a proposal for responsible development and evaluation,2024,npj Mental Health Research,265,article,,10.1038/s44184-024-00056-z,"Elizabeth Cameron Stade, Shannon Wiltsey Stirman, Lyle Ungar et al.","Large language models (LLMs) such as Open AI's GPT-4 (which power ChatGPT) and Google's Gemini, built on artificial intelligence, hold immense potential to support, augment, or even eventually automate psychotherapy. Enthusiasm about such applications is mounting in the field as well as industry. These developments promise to address insufficient mental healthcare system capacity and scale individual access to personalized treatments. However, clinical psychology is an uncommonly high stakes application domain for AI systems, as responsible and evidence-based therapy requires nuanced expertise",True,False
W4366549000,Evaluating Large Language Models in Generating Synthetic HCI Research Data: a Case Study,2023,,232,article,,10.1145/3544548.3580688,"Perttu Hämäläinen, Mikke Tavast, Anton Kunnari","Collecting data is one of the bottlenecks of Human-Computer Interaction (HCI) research. Motivated by this, we explore the potential of large language models (LLMs) in generating synthetic user research data. We use OpenAI’s GPT-3 model to generate open-ended questionnaire responses about experiencing video games as art, a topic not tractable with traditional computational user models. We test whether synthetic responses can be distinguished from real responses, analyze errors of synthetic data, and investigate content similarities between synthetic and real data. We conclude that GPT-3 can, in",True,False
W4389519239,Is ChatGPT a Good NLG Evaluator? A Preliminary Study,2023,,217,article,,10.18653/v1/2023.newsum-1.1,"Jiaan Wang, Yunlong Liang, Fandong Meng et al.","Recently, the emergence of ChatGPT has attracted wide attention from the computational linguistics community. Many prior studies have shown that ChatGPT achieves remarkable performance on various NLP tasks in terms of automatic evaluation metrics. However, the ability of ChatGPT to serve as an evaluation metric is still underexplored. Considering assessing the quality of natural language generation (NLG) models is an arduous task and NLG metrics notoriously show their poor correlation with human judgments, we wonder whether ChatGPT is a good NLG evaluation metric. In this report, we provide a ",True,False
W4400831181,Integrated image-based deep learning and language models for primary diabetes care,2024,Nature Medicine,195,article,,10.1038/s41591-024-03139-8,"Jiajia Li, Zhouyu Guan, Jing Wang et al.","Primary diabetes care and diabetic retinopathy (DR) screening persist as major public health challenges due to a shortage of trained primary care physicians (PCPs), particularly in low-resource settings. Here, to bridge the gaps, we developed an integrated image-language system (DeepDR-LLM), combining a large language model (LLM module) and image-based deep learning (DeepDR-Transformer), to provide individualized diabetes management recommendations to PCPs. In a retrospective evaluation, the LLM module demonstrated comparable performance to PCPs and endocrinology residents when tested in Engli",True,False
W4385688511,Perspectives on Large Language Models for Relevance Judgment,2023,,152,article,,10.1145/3578337.3605136,"Guglielmo Faggioli, Laura Dietz, Charles L. A. Clarke et al.","When asked, large language models~(LLMs) like ChatGPT claim that they can assist with relevance judgments but it is not clear whether automated judgments can reliably be used in evaluations of retrieval systems. In this perspectives paper, we discuss possible ways for~LLMs to support relevance judgments along with concerns and issues that arise. We devise a human--machine collaboration spectrum that allows to categorize different relevance judgment strategies, based on how much humans rely on machines. For the extreme point of 'fully automated judgments', we further include a pilot experiment ",True,False
W4322760121,Large Language Models Are State-of-the-Art Evaluators of Translation Quality,2023,arXiv (Cornell University),109,preprint,2302.1452,10.48550/arxiv.2302.14520,"Tom Kocmi, Christian Federmann","We describe GEMBA, a GPT-based metric for assessment of translation quality, which works both with a reference translation and without. In our evaluation, we focus on zero-shot prompting, comparing four prompt variants in two modes, based on the availability of the reference. We investigate nine versions of GPT models, including ChatGPT and GPT-4. We show that our method for translation quality assessment only works with GPT~3.5 and larger models. Comparing to results from WMT22's Metrics shared task, our method achieves state-of-the-art accuracy in both modes when compared to MQM-based human ",True,False
W4385774833,Trustworthy LLMs: a Survey and Guideline for Evaluating Large Language Models' Alignment,2023,arXiv (Cornell University),70,preprint,2308.05374,10.48550/arxiv.2308.05374,"Yang Liu, Yuanshun Yao, Jean-François Ton et al.","Ensuring alignment, which refers to making models behave in accordance with human intentions [1,2], has become a critical task before deploying large language models (LLMs) in real-world applications. For instance, OpenAI devoted six months to iteratively aligning GPT-4 before its release [3]. However, a major challenge faced by practitioners is the lack of clear guidance on evaluating whether LLM outputs align with social norms, values, and regulations. This obstacle hinders systematic iteration and deployment of LLMs. To address this issue, this paper presents a comprehensive survey of key d",True,False
W4409967501,A scoping review of large language models for generative tasks in mental health care,2025,npj Digital Medicine,65,review,,10.1038/s41746-025-01611-4,"Yining Hua, Hongbin Na, Zehan Li et al.","Large language models (LLMs) show promise in mental health care for handling human-like conversations, but their effectiveness remains uncertain. This scoping review synthesizes existing research on LLM applications in mental health care, reviews model performance and clinical effectiveness, identifies gaps in current evaluation methods following a structured evaluation framework, and provides recommendations for future development. A systematic search identified 726 unique articles, of which 16 met the inclusion criteria. These studies, encompassing applications such as clinical assistance, c",True,False
W4389344855,Is GPT-4 a reliable rater? Evaluating consistency in GPT-4's text ratings,2023,Frontiers in Education,65,article,,10.3389/feduc.2023.1272229,"Veronika Hackl, Alexandra Elena Müller, Michael Granitzer et al.","This study reports the Intraclass Correlation Coefficients of feedback ratings produced by OpenAI's GPT-4, a large language model (LLM), across various iterations, time frames, and stylistic variations. The model was used to rate responses to tasks related to macroeconomics in higher education (HE), based on their content and style. Statistical analysis was performed to determine the absolute agreement and consistency of ratings in all iterations, and the correlation between the ratings in terms of content and style. The findings revealed high interrater reliability, with ICC scores ranging fr",True,False
W4402926409,LLM-based automatic short answer grading in undergraduate medical education,2024,BMC Medical Education,65,article,,10.1186/s12909-024-06026-5,Christian Grévisse,"BACKGROUND: Multiple choice questions are heavily used in medical education assessments, but rely on recognition instead of knowledge recall. However, grading open questions is a time-intensive task for teachers. Automatic short answer grading (ASAG) has tried to fill this gap, and with the recent advent of Large Language Models (LLM), this branch has seen a new momentum. METHODS: We graded 2288 student answers from 12 undergraduate medical education courses in 3 languages using GPT-4 and Gemini 1.0 Pro. RESULTS: GPT-4 proposed significantly lower grades than the human evaluator, but reached l",True,False
W4389165073,Uncovering the semantics of concepts using GPT-4,2023,Proceedings of the National Academy of Sciences,63,article,,10.1073/pnas.2309350120,"Gaël Le Mens, Balázs Kovács, Michael Hannan et al.","The ability of recent Large Language Models (LLMs) such as GPT-3.5 and GPT-4 to generate human-like texts suggests that social scientists could use these LLMs to construct measures of semantic similarity that match human judgment. In this article, we provide an empirical test of this intuition. We use GPT-4 to construct a measure of typicality—the similarity of a text document to a concept. We evaluate its performance against other model-based typicality measures in terms of the correlation with human typicality ratings. We conduct this comparative analysis in two domains: the typicality of bo",True,False
W4393064140,Generating Automatic Feedback on UI Mockups with Large Language Models,2024,,61,preprint,2403.13139,10.1145/3613904.3642782,"Peitong Duan, Jeremy Warner, Yang Li et al.","Feedback on user interface (UI) mockups is crucial in design. However, human feedback is not always readily available. We explore the potential of using large language models for automatic feedback. Specifically, we focus on applying GPT-4 to automate heuristic evaluation, which currently entails a human expert assessing a UI’s compliance with a set of design guidelines. We implemented a Figma plugin that takes in a UI design and a set of written heuristics, and renders automatically-generated feedback as constructive suggestions. We assessed performance on 51 UIs using three sets of guideline",True,False
W4385571576,Rating Short L2 Essays on the CEFR Scale with GPT-4,2023,,60,article,,10.18653/v1/2023.bea-1.49,"Kevin Yancey, Geoffrey T. LaFlair, Anthony Verardi et al.","Essay scoring is a critical task used to evaluate second-language (L2) writing proficiency on high-stakes language assessments. While automated scoring approaches are mature and have been around for decades, human scoring is still considered the gold standard, despite its high costs and well-known issues such as human rater fatigue and bias. The recent introduction of large language models (LLMs) brings new opportunities for automated scoring. In this paper, we evaluate how well GPT-3.5 and GPT-4 can rate short essay responses written by L2 English learners on a high-stakes language assessment",True,False
W4402819599,Grading exams using large language models: A comparison between human and AI grading of exams in higher education using ChatGPT,2024,British Educational Research Journal,56,article,,10.1002/berj.4069,Jonas Flodén,"Abstract This study compares how the generative AI (GenAI) large language model (LLM) ChatGPT performs in grading university exams compared to human teachers. Aspects investigated include consistency, large discrepancies and length of answer. Implications for higher education, including the role of teachers and ethics, are also discussed. Three Master's‐level exams were scored using ChatGPT 3.5, and the results were compared with the teachers' scoring and the grading teachers were interviewed. In total, 463 exam responses were graded. With each response being graded at least three times, a tot",True,False
W4389132588,Toward AI grading of student problem solutions in introductory physics: A feasibility study,2023,Physical Review Physics Education Research,54,article,,10.1103/physrevphyseducres.19.020163,Gerd Kortemeyer,"Solving problems is crucial for learning physics, and not only final solutions but also their derivations are important. Grading these derivations is labor intensive, as it generally involves human evaluation of handwritten work. AI tools have not been an alternative, since even for short answers, they needed specific training for each problem or set of problems. Extensively pretrained AI systems offer a potentially universal grading solution without this specific training. This feasibility study explores an AI-assisted workflow to grade handwritten physics derivations using MathPix and GPT-4.",True,False
W4378468563,AlpacaFarm: A Simulation Framework for Methods that Learn from Human Feedback,2023,arXiv (Cornell University),54,preprint,2305.14387,10.48550/arxiv.2305.14387,"Yann Dubois, Xuechen Li, Rohan Taori et al.","Large language models (LLMs) such as ChatGPT have seen widespread adoption due to their strong instruction-following abilities. Developing these LLMs involves a complex yet poorly understood workflow requiring training with human feedback. Replicating and understanding this instruction-following requires tackling three major challenges: the high cost of data collection, the lack of trustworthy evaluation, and the absence of reference method implementations. We address these challenges with AlpacaFarm, a simulator that enables research and development for learning from feedback at a low cost. F",True,False
W4402192035,Reliability of ChatGPT in automated essay scoring for dental undergraduate examinations,2024,BMC Medical Education,53,article,,10.1186/s12909-024-05881-6,"Bernadette Quah, Lei Zheng, Timothy Jie Han Sng et al.","BACKGROUND: This study aimed to answer the research question: How reliable is ChatGPT in automated essay scoring (AES) for oral and maxillofacial surgery (OMS) examinations for dental undergraduate students compared to human assessors? METHODS: Sixty-nine undergraduate dental students participated in a closed-book examination comprising two essays at the National University of Singapore. Using pre-created assessment rubrics, three assessors independently performed manual essay scoring, while one separate assessor performed AES using ChatGPT (GPT-4). Data analyses were performed using the intra",True,False
W4409357579,LLM-based NLG Evaluation: Current Status and Challenges,2025,Computational Linguistics,53,article,,10.1162/coli_a_00561,"Mingqi Gao, Xinyu Hu, Xunjian Yin et al.","Abstract Evaluating natural language generation (NLG) is a vital but challenging problem in natural language processing. Traditional evaluation metrics mainly capturing content (e.g., n-gram) overlap between system outputs and references are far from satisfactory, and large language models (LLMs) such as ChatGPT have demonstrated great potential in NLG evaluation in recent years. Various automatic evaluation methods based on LLMs have been proposed, including metrics derived from LLMs, prompting LLMs, fine-tuning LLMs, and human–LLM collaborative evaluation. In this survey, we first give a tax",True,False
W4389519409,GPTAraEval: A Comprehensive Evaluation of ChatGPT on Arabic NLP,2023,,48,article,,10.18653/v1/2023.emnlp-main.16,"Md Tawkat Islam Khondaker, Abdul Waheed, El Moatez Billah Nagoudi et al.","ChatGPT’s emergence heralds a transformative phase in NLP, particularly demonstrated through its excellent performance on many English benchmarks. However, the model’s efficacy across diverse linguistic contexts remains largely uncharted territory. This work aims to bridge this knowledge gap, with a primary focus on assessing ChatGPT’s capabilities on Arabic languages and dialectal varieties. Our comprehensive study conducts a large-scale automated and human evaluation of ChatGPT, encompassing 44 distinct language understanding and generation tasks on over 60 different datasets. To our knowled",True,False
W4404782878,Humans or LLMs as the Judge? A Study on Judgement Bias,2024,,38,article,,10.18653/v1/2024.emnlp-main.474,"Guiming Hardy Chen, Shunian Chen, Ziche Liu et al.","Adopting human and large language models (LLM) as judges (a.k.a human-and LLM-as-ajudge) for evaluating the performance of LLMs has recently gained attention.Nonetheless, this approach concurrently introduces potential biases from human and LLMs, questioning the reliability of the evaluation results.In this paper, we propose a novel framework that is free from referencing groundtruth annotations for investigating Misinformation Oversight Bias, Gender Bias, Authority Bias and Beauty Bias on LLM and human judges.We curate a dataset referring to the revised Bloom's Taxonomy and conduct thousands ",True,False
W4389520163,Large Language Models are Not Yet Human-Level Evaluators for Abstractive Summarization,2023,,37,article,,10.18653/v1/2023.findings-emnlp.278,"Chenhui Shen, Liying Cheng, Xuan-Phi Nguyen et al.","With the recent undeniable advancement in reasoning abilities in large language models (LLMs) like ChatGPT and GPT-4, there is a growing trend for using LLMs on various tasks. One area where LLMs can be employed is as an alternative evaluation metric for complex generative tasks, which generally demands expensive human judges to complement the traditional automatic metrics for various evaluation dimensions such as fluency and consistency. In this work, we conduct extensive analysis to investigate the stability and reliability of LLMs as automatic evaluators for abstractive summarization. We fo",True,False
W4389518754,INSTRUCTSCORE: Towards Explainable Text Generation Evaluation with Automatic Feedback,2023,,36,article,,10.18653/v1/2023.emnlp-main.365,"Wenda Xu, Danqing Wang, Liangming Pan et al.","Automatically evaluating the quality of language generation is critical. Although recent learned metrics show high correlation with human judgement, these metrics do not provide explicit explanation of their verdict, nor associate the scores with defects in the generated text. To address this limitation, we present INSTRUCTSCORE, a fine-grained explainable evaluation metric for text generation. By harnessing both explicit human instruction and the implicit knowledge of GPT-4, we fine-tune a text evaluation metric based on LLaMA, producing both a score for generated text and a human readable di",True,False
W4376139550,Can ChatGPT and Bard generate aligned assessment items? A reliability analysis against human performance,2023,Journal of Applied Learning & Teaching,36,article,,10.37074/jalt.2023.6.1.28,Abdolvahab Khademi,"ChatGPT and Bard are AI chatbots based on Large Language Models (LLM) that are slated to promise different applications in diverse areas. In education, these AI technologies have been tested for applications in assessment and teaching. In assessment, AI has long been used in automated essay scoring and automated item generation. One psychometric property that these tools must have to assist or replace humans in assessment is high reliability in terms of agreement between AI scores and human raters. In this paper, the reliability of OpenAI’s ChatGPT and Google’s Bard LLMs tools against experien",True,False
W4383993628,BeaverTails: Towards Improved Safety Alignment of LLM via a Human-Preference Dataset,2023,arXiv (Cornell University),34,preprint,2307.04657,10.48550/arxiv.2307.04657,"Jiaming Ji, Mickel Liu, Juntao Dai et al.","In this paper, we introduce the BeaverTails dataset, aimed at fostering research on safety alignment in large language models (LLMs). This dataset uniquely separates annotations of helpfulness and harmlessness for question-answering pairs, thus offering distinct perspectives on these crucial attributes. In total, we have gathered safety meta-labels for 333,963 question-answer (QA) pairs and 361,903 pairs of expert comparison data for both the helpfulness and harmlessness metrics. We further showcase applications of BeaverTails in content moderation and reinforcement learning with human feedbac",True,False
W4401044046,Beyond Yes and No: Improving Zero-Shot LLM Rankers via Scoring Fine-Grained Relevance Labels,2024,,32,article,,10.18653/v1/2024.naacl-short.31,"Honglei Zhuang, Zhen Qin, Kai Hui et al.","Honglei Zhuang, Zhen Qin, Kai Hui, Junru Wu, Le Yan, Xuanhui Wang, Michael Bendersky. Proceedings of the 2024 Conference of the North American Chapter of the Association for Computational Linguistics: Human Language Technologies (Volume 2: Short Papers). 2024.",True,False
W4405143965,LLMs can be Fooled into Labelling a Document as Relevant: best café near me; this paper is perfectly relevant,2024,,29,article,,10.1145/3673791.3698431,"Marwah Alaofi, Paul Thomas, Falk Scholer et al.","Large Language Models (LLMs) are increasingly being used to assess the relevance of information objects. This work reports on experiments to study the labelling of short texts (i.e., passages) for relevance, using multiple open-source and proprietary LLMs. While the overall agreement of some LLMs with human judgements is comparable to human-to-human agreement measured in previous research, LLMs are more likely to label passages as relevant compared to human judges, indicating that LLM labels denoting non-relevance are more reliable than those indicating relevance.",True,False
W4411522868,Can LLMs Replace Human Evaluators? An Empirical Study of LLM-as-a-Judge in Software Engineering,2025,Proceedings of the ACM on software engineering.,27,article,,10.1145/3728963,"Ruiqi Wang, Jiyu Guo, Cuiyun Gao et al.","Recently, large language models (LLMs) have been deployed to tackle various software engineering (SE) tasks like code generation, significantly advancing the automation of SE tasks. However, assessing the quality of these LLM-generated code and text remains challenging. The commonly used Pass@k metric necessitates extensive unit tests and configured environments, demands a high labor cost, and is not suitable for evaluating LLM-generated text. Conventional metrics like BLEU, which measure only lexical rather than semantic similarity, have also come under scrutiny. In response, a new trend has ",True,False
W4387372743,ChatGPT for Text Annotation? Mind the Hype!,2023,,26,preprint,,10.31235/osf.io/x58kn,"Étienne Ollion, Rubing Shen, Ana Macanovic et al.","In the past months, researchers have enthusiastically discussed the relevance of zero- or few-shot classifiers like ChatGPT for text annotation. Should these models prove to be performant, they would open up new continents for research, and beyond. To assess the merits and limits of this approach, we conducted a systematic literature review. Reading all the articles doing zero or few-shot text annotation in the human and social sciences, we found that these few- shot learners offer enticing, yet mixed results on text annotation tasks. The performance scores can vary widely, with some being ave",True,False
W4389519553,ChatGPT to Replace Crowdsourcing of Paraphrases for Intent Classification: Higher Diversity and Comparable Model Robustness,2023,,25,article,,10.18653/v1/2023.emnlp-main.117,"Ján Čegiň, Jakub Šimko, Peter Brusilovsky","&lt;p&gt;The emergence of generative large language models (LLMs) raises the question: what will be its impact on crowdsourcing? Traditionally, crowdsourcing has been used for acquiring solutions to a wide variety of human-intelligence tasks, including ones involving text generation, modification or evaluation. For some of these tasks, models like ChatGPT can potentially substitute human workers. In this study, we investigate whether this is the case for the task of paraphrase generation for intent classification. We apply data collection methodology of an existing crowdsourcing study (similar",True,False
W4389524234,GEMBA-MQM: Detecting Translation Quality Error Spans with GPT-4,2023,,25,article,,10.18653/v1/2023.wmt-1.64,"Tom Kocmi, Christian Federmann","This paper introduces GEMBA-MQM, a GPT-based evaluation metric designed to detect translation quality errors, specifically for the quality estimation setting without the need for human reference translations. Based on the power of large language models (LLM), GEMBA-MQM employs a fixed three-shot prompting technique, querying the GPT-4 model to mark error quality spans. Compared to previous works, our method has language-agnostic prompts, thus avoiding the need for manual prompt preparation for new languages. While preliminary results indicate that GEMBA-MQM achieves state-of-the-art accuracy f",True,False
W4402683144,Human-Centered Design Recommendations for LLM-as-a-judge,2024,,22,article,,10.18653/v1/2024.hucllm-1.2,"Qian Pan, Zahra Ashktorab, Michael Desmond et al.","Qian Pan, Zahra Ashktorab, Michael Desmond, Martín Santillán Cooper, James Johnson, Rahul Nair, Elizabeth Daly, Werner Geyer. Proceedings of the 1st Human-Centered Large Language Modeling Workshop. 2024.",True,False
W4393156822,Advancing Spatial Reasoning in Large Language Models: An In-Depth Evaluation and Enhancement Using the StepGame Benchmark,2024,Proceedings of the AAAI Conference on Artificial Intelligence,22,article,,10.1609/aaai.v38i17.29811,"Fangjun Li, David Hogg, Anthony G. Cohn","Artificial intelligence (AI) has made remarkable progress across various domains, with large language models like ChatGPT gaining substantial attention for their human-like text-generation capabilities. Despite these achievements, improving spatial reasoning remains a significant challenge for these models. Benchmarks like StepGame evaluate AI spatial reasoning, where ChatGPT has shown unsatisfactory performance. However, the presence of template errors in the benchmark has an impact on the evaluation results. Thus there is potential for ChatGPT to perform better if these template errors are a",True,False
W4402667059,FineSurE: Fine-grained Summarization Evaluation using LLMs,2024,,22,article,,10.18653/v1/2024.acl-long.51,"Hwanjun Song, Hang Su, Igor Shalyminov et al.","Automated evaluation is crucial for streamlining text summarization benchmarking and model development, given the costly and timeconsuming nature of human evaluation.Traditional methods like ROUGE do not correlate well with human judgment, while recently proposed LLM-based metrics provide only summary-level assessment using Likertscale scores.This limits deeper model analysis, e.g., we can only assign one hallucination score at the summary level, while at the sentence level, we can count sentences containing hallucinations.To remedy those limitations, we propose FineSurE, a fine-grained evalua",True,False
W4366850809,"""HOT"" ChatGPT: The promise of ChatGPT in detecting and discriminating hateful, offensive, and toxic comments on social media",2023,arXiv (Cornell University),20,preprint,2304.10619,10.48550/arxiv.2304.10619,"Lingyao Li, Lizhou Fan, Shubham Atreja et al.","Harmful content is pervasive on social media, poisoning online communities and negatively impacting participation. A common approach to address this issue is to develop detection models that rely on human annotations. However, the tasks required to build such models expose annotators to harmful and offensive content and may require significant time and cost to complete. Generative AI models have the potential to understand and detect harmful content. To investigate this potential, we used ChatGPT and compared its performance with MTurker annotations for three frequently discussed concepts rela",True,False
W4394872778,Validation of GPT‐4 for clinical event classification: A comparative analysis with ICD codes and human reviewers,2024,Journal of Gastroenterology and Hepatology,19,article,,10.1111/jgh.16561,"Yichen Wang, Yuting Huang, Induja R. Nimma et al.","BACKGROUND AND AIM: Effective clinical event classification is essential for clinical research and quality improvement. The validation of artificial intelligence (AI) models like Generative Pre-trained Transformer 4 (GPT-4) for this task and comparison with conventional methods remains unexplored. METHODS: We evaluated the performance of the GPT-4 model for classifying gastrointestinal (GI) bleeding episodes from 200 medical discharge summaries and compared the results with human review and an International Classification of Diseases (ICD) code-based system. The analysis included accuracy, sen",True,False
W4415930269,Evaluating clinical AI summaries with large language models as judges,2025,npj Digital Medicine,19,article,,10.1038/s41746-025-02005-2,"Emma Croxford, Yanjun Gao, Elliot First et al.","Electronic Health Records (EHRs) contain vast clinical data that are difficult for providers to synthesize. Generative AI with Large Language Models (LLMs) can summarize records to reduce cognitive burden, but ensuring accuracy requires reliable evaluation. Human review is the gold standard but is costly and slow. To address this, we introduce and validate an automated LLM-based method to assess real-world EHR multi-document summaries. Benchmarking against the validated Provider Documentation Summarization Quality Instrument (PDSQI), our LLM-as-a-Judge framework demonstrated strong inter-rater",True,False
W4400141990,AI Benchmark Half-Life in Recursive Corpora: A Theory of Validity Decay under Semantic Leakage and Regeneration,2024,arXiv (Cornell University),18,preprint,2406.19314,10.48550/arxiv.2406.19314,"Colin White, Samuel Dooley, Manley Roberts et al.","Test set contamination, wherein test data from a benchmark ends up in a newer model's training set, is a well-documented obstacle for fair LLM evaluation and can quickly render benchmarks obsolete. To mitigate this, many recent benchmarks crowdsource new prompts and evaluations from human or LLM judges; however, these can introduce significant biases, and break down when scoring hard questions. In this work, we introduce a new benchmark for LLMs designed to be resistant to both test set contamination and the pitfalls of LLM judging and human crowdsourcing. We release LiveBench, the first bench",True,False
W4400926398,How to Use Large Language Models for Empirical Legal Research,2024,Journal of Institutional and Theoretical Economics JITE,18,article,,10.1628/jite-2024-0006,Jonathan H. Choi,"Legal scholars have long annotated cases by hand to summarize and learn about developments in jurisprudence. Dramatic recent improvements in the performance of large language models (LLMs) now provide a potential alternative. This article demonstrates how to use LLMs to analyze legal documents. It evaluates best practices and suggests both the uses and potential limitations of LLMs in empirical legal research. In a simple classification task involving Supreme Court opinions, it finds that GPT-4 performs approximately as well as human coders and significantly better than a variety of prior-gene",True,False
W4411113160,TEaR: Improving LLM-based Machine Translation with Systematic Self-Refinement,2025,,18,article,,10.18653/v1/2025.findings-naacl.218,"Zhaopeng Feng, Yan Zhang, Hao Li et al.","Large Language Models (LLMs) have achieved impressive results in Machine Translation (MT).However, human evaluations reveal that LLM-generated translations still contain various errors.Notably, feeding the error information back into the LLMs can facilitate selfrefinement, leading to enhanced translation quality.Motivated by these findings, we introduce TEaR (Translate, Estimate, and Refine), a systematic LLM-based self-refinement framework aimed at bootstrapping translation performance.Our key results show that: 1) TEaR framework enables LLMs to improve their translation quality relying solel",True,False
W4385970120,Wider and Deeper LLM Networks are Fairer LLM Evaluators,2023,arXiv (Cornell University),17,preprint,2308.01862,10.48550/arxiv.2308.01862,"Xinghua Zhang, Bowen Yu, Hou‐Yong Yu et al.","Measuring the quality of responses generated by LLMs is a challenging task, particularly when it comes to evaluating whether the response is aligned with human preference. A novel approach involves using the LLM itself to make evaluation and stabilizing the results through multiple independent evaluations, similar to a single-layer narrow LLM network. This network consists of a fixed number of neurons, with each neuron being the same LLM. In this paper, we draw upon the extensive research on deep neural networks to explore whether deeper and wider networks can lead to fairer evaluations. Speci",True,False
W4409709519,Automating Evaluation of AI Text Generation in Healthcare with a Large Language Model (LLM)-as-a-Judge,2025,medRxiv,16,preprint,,10.1101/2025.04.22.25326219,"Emma Croxford, Yanjun Gao, Elliot First et al.","Electronic Health Records (EHRs) store vast amounts of clinical information that are difficult for healthcare providers to summarize and synthesize relevant details to their practice. To reduce cognitive load on providers, generative AI with Large Language Models have emerged to automatically summarize patient records into clear, actionable insights and offload the cognitive burden for providers. However, LLM summaries need to be precise and free from errors, making evaluations on the quality of the summaries necessary. While human experts are the gold standard for evaluations, their involveme",True,False
W4404782348,Split and Merge: Aligning Position Biases in LLM-based Evaluators,2024,,15,article,,10.18653/v1/2024.emnlp-main.621,"Zongjie Li, Chaozheng Wang, Pingchuan Ma et al.","Large language models (LLMs) have shown promise as automated evaluators for assessing the quality of answers generated by AI systems. However, LLM-based evaluators exhibit position bias, or inconsistency, when used to evaluate candidate answers in pairwise comparisons, favoring either the first or second answer regardless of content. To address this limitation, we propose PORTIA, an alignment-based system designed to mimic human comparison strategies to calibrate position bias in a lightweight yet effective manner. Specifically, PORTIA splits the answers into multiple segments, taking into acc",True,False
W4391556029,LLM-based NLG Evaluation: Current Status and Challenges,2024,arXiv (Cornell University),14,preprint,2402.01383,10.48550/arxiv.2402.01383,"Mingqi Gao, Xinyu Hu, Jie Ruan et al.","Evaluating natural language generation (NLG) is a vital but challenging problem in natural language processing. Traditional evaluation metrics mainly capturing content (e.g. n-gram) overlap between system outputs and references are far from satisfactory, and large language models (LLMs) such as ChatGPT have demonstrated great potential in NLG evaluation in recent years. Various automatic evaluation methods based on LLMs have been proposed, including metrics derived from LLMs, prompting LLMs, fine-tuning LLMs, and human-LLM collaborative evaluation. In this survey, we first give a taxonomy of L",True,False
W4365211718,Can ChatGPT and Bard Generate Aligned Assessment Items? A Reliability Analysis against Human Performance,2023,arXiv (Cornell University),13,preprint,2304.05372,10.48550/arxiv.2304.05372,Abdolvahab Khademi,"ChatGPT and Bard are AI chatbots based on Large Language Models (LLM) that are slated to promise different applications in diverse areas. In education, these AI technologies have been tested for applications in assessment and teaching. In assessment, AI has long been used in automated essay scoring and automated item generation. One psychometric property that these tools must have to assist or replace humans in assessment is high reliability in terms of agreement between AI scores and human raters. In this paper, we measure the reliability of OpenAI ChatGP and Google Bard LLMs tools against ex",True,False
W4406466662,Classification performance and reproducibility of GPT-4 omni for information extraction from veterinary electronic health records,2025,Frontiers in Veterinary Science,13,article,,10.3389/fvets.2024.1490030,"Judit M. Wulcan, Kevin L Jacques, Mary Ann Lee et al.","Large language models (LLMs) can extract information from veterinary electronic health records (EHRs), but performance differences between models, the effect of hyperparameter settings, and the influence of text ambiguity have not been previously evaluated. This study addresses these gaps by comparing the performance of GPT-4 omni (GPT-4o) and GPT-3.5 Turbo under different conditions and by investigating the relationship between human interobserver agreement and LLM errors. The LLMs and five humans were tasked with identifying six clinical signs associated with feline chronic enteropathy in 25",True,False
W4410081533,Consumer Responses to Generative AI Chatbots Versus Search Engines for Product Evaluation,2025,Journal of theoretical and applied electronic commerce research,13,article,,10.3390/jtaer20020093,"Soyoung Kim, Randi Priluck","This research examines differences in consumer responses to large language model AI chatbots versus search engines when reviewing and evaluating product information in the information search stage of the purchase decision process. Building on the mere exposure effect, the consumer–brand relationships literature, and consumer decision-making research, this research investigates consumer search preferences and self-disclosure willingness along with a psychological mechanism. We conducted an experiment comparing two types of product search tools and tested a moderated mediation using Process Mode",True,False
W4387724705,Verbosity Bias in Preference Labeling by Large Language Models,2023,arXiv (Cornell University),10,preprint,2310.10076,10.48550/arxiv.2310.10076,"K. Saito, Akifumi Wachi, Koki Wataoka et al.","In recent years, Large Language Models (LLMs) have witnessed a remarkable surge in prevalence, altering the landscape of natural language processing and machine learning. One key factor in improving the performance of LLMs is alignment with humans achieved with Reinforcement Learning from Human Feedback (RLHF), as for many LLMs such as GPT-4, Bard, etc. In addition, recent studies are investigating the replacement of human feedback with feedback from other LLMs named Reinforcement Learning from AI Feedback (RLAIF). We examine the biases that come along with evaluating LLMs with other LLMs and ",True,False
W4378513190,GPTAraEval: A Comprehensive Evaluation of ChatGPT on Arabic NLP,2023,arXiv (Cornell University),10,preprint,2305.14976,10.48550/arxiv.2305.14976,"Md Tawkat Islam Khondaker, Abdul Waheed, El Moatez Billah Nagoudi et al.","ChatGPT's emergence heralds a transformative phase in NLP, particularly demonstrated through its excellent performance on many English benchmarks. However, the model's efficacy across diverse linguistic contexts remains largely uncharted territory. This work aims to bridge this knowledge gap, with a primary focus on assessing ChatGPT's capabilities on Arabic languages and dialectal varieties. Our comprehensive study conducts a large-scale automated and human evaluation of ChatGPT, encompassing 44 distinct language understanding and generation tasks on over 60 different datasets. To our knowled",True,False
W4411125727,Assessing the accuracy and consistency of large language models in triaging social media posts for psychological distress,2025,Psychiatry Research,9,article,,10.1016/j.psychres.2025.116583,"Michele Settanni, Francesco Quilghini, Anna Toscano et al.","• Moderate to strong positive relationships exist between LLM and clinician-assigned urgency levels, suggesting a degree of alignment in assessing psychological distress. • Explicit role assignment prompts influences urgency LLM scoring, with the effect of assuming a ""clinical psychologist"" role varying in magnitude across different tested models. • Overestimation of mental health urgency intervention highlights the need for clinician oversight. • LLMs offer significant potential for scaling mental health triage in online contexts, but their limitations necessitate careful interpretation of re",True,False
W4412396369,Benchmarking LLM-based Relevance Judgment Methods,2025,,9,article,2504.12558,10.1145/3726302.3730305,"Negar Arabzadeh, Charles L. A. Clarke","Large Language Models (LLMs) are increasingly deployed in both academic and industry settings to automate the evaluation of information seeking systems, particularly by generating graded relevance judgments. Several studies report Kendall τ correlations exceeding 0.85 when comparing system rankings derived from human versus LLM-generated relevance labels. Previous work on LLM-based relevance assessment has primarily focused on replicating graded human relevance judgments through various prompting strategies. However, there has been limited exploration of alternative assessment methods or compr",True,False
W4405767463,LLM-based relevance assessment still can't replace human relevance assessment,2024,arXiv (Cornell University),9,preprint,2412.17156,10.48550/arxiv.2412.17156,"Charles L. A. Clarke, Laura Dietz","The use of large language models (LLMs) for relevance assessment in information retrieval has gained significant attention, with recent studies suggesting that LLM-based judgments provide comparable evaluations to human judgments. Notably, based on TREC 2024 data, Upadhyay et al make a bold claim that LLM-based relevance assessments, such as those generated by the Umbrela system, can fully replace traditional human relevance assessments in TREC-style evaluations. This paper critically examines this claim, highlighting practical and theoretical limitations that undermine the validity of this co",True,False
W4361188952,Error Analysis Prompting Enables Human-Like Translation Evaluation in Large Language Models,2023,arXiv (Cornell University),9,preprint,2303.13809,10.48550/arxiv.2303.13809,"Qingyu Lu, Baopu Qiu, Liang Ding et al.","Generative large language models (LLMs), e.g., ChatGPT, have demonstrated remarkable proficiency across several NLP tasks, such as machine translation, text summarization. Recent research (Kocmi and Federmann, 2023) has shown that utilizing LLMs for assessing the quality of machine translation (MT) achieves state-of-the-art performance at the system level but \textit{performs poorly at the segment level}. To further improve the performance of LLMs on MT quality assessment, we investigate several prompting designs, and propose a new prompting method called \textbf{\texttt{Error Analysis Prompti",True,False
W4412945174,The Alternative Annotator Test for LLM-as-a-Judge: How to Statistically Justify Replacing Human Annotators with LLMs,2025,,9,article,,10.18653/v1/2025.acl-long.782,"Nitay Calderon, Roi Reichart, Rotem Dror",,True,False
W4403573207,Chasing sleep physicians: ChatGPT-4o on the interpretation of polysomnographic results,2024,European Archives of Oto-Rhino-Laryngology,9,article,,10.1007/s00405-024-08985-3,"Christopher Seifen, Tilman Huppertz, Haralampos Gouveris et al.","BACKGROUND: From a healthcare professional's perspective, the use of ChatGPT (Open AI), a large language model (LLM), offers huge potential as a practical and economic digital assistant. However, ChatGPT has not yet been evaluated for the interpretation of polysomnographic results in patients with suspected obstructive sleep apnea (OSA). AIMS/OBJECTIVES: To evaluate the agreement of polysomnographic result interpretation between ChatGPT-4o and a board-certified sleep physician and to shed light into the role of ChatGPT-4o in the field of medical decision-making in sleep medicine. MATERIAL AND ",True,False
W4415518248,AI meets sleep surgery: assessing drug-induced sleep endoscopy interpretation with a large language model,2025,SLEEP,8,article,,10.1093/sleep/zsaf338,"Sholem Hack, Shibli Alsleibi, Shai Shemesh et al.","Abstract Study Objectives To evaluate the performance and safety of a large language model in interpreting drug-induced sleep endoscopy (DISE) videos and providing treatment recommendations for obstructive sleep apnea, compared to expert human raters and the contemporaneous clinical report. Methods This prospective, blinded study included 16 adults undergoing drug-induced sleep endoscopy at a tertiary academic center. For each case, an anonymized procedural video, clinical vignette, and examination findings were independently reviewed by two sleep surgery experts, a senior otolaryngology resid",True,False
W4404782155,How Reliable Are Automatic Evaluation Methods for Instruction-Tuned LLMs?,2024,,8,article,,10.18653/v1/2024.findings-emnlp.367,"Ehsan Doostmohammadi, Oskar Holmström, Marco Kuhlmann","Work on instruction-tuned Large Language Models (LLMs) has used automatic methods based on text overlap and LLM judgments as cost-effective alternatives to human evaluation.In this paper, we perform a meta-evaluation of such methods and assess their reliability across a broad range of tasks.In evaluating how well automatic methods align with human evaluations, correlation metrics are the most commonly employed method despite their inherent limitations when dealing with ties and different scales.To address these shortcomings, we use Pairwise Accuracy as an alternative to standard correlation me",True,False
W4393247764,Aligning with Human Judgement: The Role of Pairwise Preference in Large Language Model Evaluators,2024,arXiv (Cornell University),8,preprint,2403.1695,10.48550/arxiv.2403.16950,"Yinhong Liu, Han Zhou, Zhijiang Guo et al.","Large Language Models (LLMs) have demonstrated promising capabilities as automatic evaluators in assessing the quality of generated natural language. However, LLMs still exhibit biases in evaluation and often struggle to generate coherent evaluations that align with human assessments. In this work, we first conduct a systematic study of the misalignment between LLM evaluators and human evaluation, revealing that existing calibration methods aimed at mitigating biases of LLMs are insufficient for effectively aligning LLM evaluators. Inspired by the use of preference data in RLHF, we formulate t",True,False
W4408128495,Large Language Models’ Accuracy in Emulating Human Experts’ Evaluation of Public Sentiments about Heated Tobacco Products on Social Media: Evaluation Study,2025,Journal of Medical Internet Research,7,article,,10.2196/63631,"Kwanho Kim, Soojong Kim",BACKGROUND: Sentiment analysis of alternative tobacco products discussed on social media is crucial in tobacco control research. Large language models (LLMs) are artificial intelligence models that were trained on extensive text data to emulate the linguistic patterns of humans. LLMs may hold the potential to streamline the time-consuming and labor-intensive process of human sentiment analysis. OBJECTIVE: This study aimed to examine the accuracy of LLMs in replicating human sentiment evaluation of social media messages relevant to heated tobacco products (HTPs). METHODS: GPT-3.5 and GPT-4 Turb,True,False
W4412942267,Biased by Design? Evaluating Bias and Behavioral Diversity in LLM Annotation of Real-World and Synthetic Hotel Reviews,2025,AI,7,article,,10.3390/ai6080178,"Maria C. Voutsa, Nicolas Tsapatsoulis, Constantinos Djouvas","As large language models (LLMs) gain traction among researchers and practitioners, particularly in digital marketing for tasks such as customer feedback analysis and automated communication, concerns remain about the reliability and consistency of their outputs. This study investigates annotation bias in LLMs by comparing human and AI-generated annotation labels across sentiment, topic, and aspect dimensions in hotel booking reviews. Using the HRAST dataset, which includes 23,114 real user-generated review sentences and a synthetically generated corpus of 2000 LLM-authored sentences, we evalua",True,False
W4416025303,Has the creativity of large-language models peaked?,2025,Journal of Creativity,7,article,,10.1016/j.yjoc.2025.100113,"Jennifer Haase, Paul H. P. Hanel, Sebastian Pokutta","Numerous studies reported that large language models (LLMs) can match or even surpass human performance in creative tasks. However, it remains unclear if LLMs have become more creative over time and how consistent their creative output is. In this study, we evaluated 14 widely used LLMs—including GPT-4, Claude, Llama, Grok, Mistral, and DeepSeek—across two validated creativity assessments: the Divergent Association Task (DAT) and the Alternative Uses Task (AUT). We found no evidence of increased creative performance over the past 18–24 months, with GPT-4 performing worse than in previous studi",True,False
W4412030659,On the Effectiveness of LLM-as-a-Judge for Code Generation and Summarization,2025,IEEE Transactions on Software Engineering,7,article,,10.1109/tse.2025.3586082,"Giuseppe Crupi, Rosalia Tufano, Alejandro Velasco et al.","Large Language Models (LLMs) have been recently exploited as judges for complex natural language processing tasks, such as Q&A (Question & Answer). The basic idea is to delegate to an LLM the assessment of the “quality” of the output provided by an automated technique (often another LLM) for tasks for which: (i) quantitative metrics would only tell part of the story, and; (ii) a large-scale human-based evaluation would be too expensive. LLMs-as-a-judge, if proven effective for a specific task, can also unlock new possibilities for automation, with several LLMs proposing a solution for a given ",True,False
W4389518939,GPT-4 as an Effective Zero-Shot Evaluator for Scientific Figure Captions,2023,,6,article,,10.18653/v1/2023.findings-emnlp.363,"Ting-Yao Hsu, Chieh-Yang Huang, Ryan A. Rossi et al.","There is growing interest in systems that generate captions for scientific figures. However, assessing these systems’ output poses a significant challenge. Human evaluation requires academic expertise and is costly, while automatic evaluation depends on often low-quality author-written captions. This paper investigates using large language models (LLMs) as a cost-effective, reference-free method for evaluating figure captions. We first constructed SCICAP-EVAL, a human evaluation dataset that contains human judgments for 3,600 scientific figure captions, both original and machine-made, for 600 ",True,False
W4367190671,Multidimensional Evaluation for Text Style Transfer Using ChatGPT,2023,arXiv (Cornell University),6,preprint,2304.13462,10.48550/arxiv.2304.13462,"Huiyuan Lai, Antonio Toral, Malvina Nissim","We investigate the potential of ChatGPT as a multidimensional evaluator for the task of \emph{Text Style Transfer}, alongside, and in comparison to, existing automatic metrics as well as human judgements. We focus on a zero-shot setting, i.e. prompting ChatGPT with specific task instructions, and test its performance on three commonly-used dimensions of text style transfer evaluation: style strength, content preservation, and fluency. We perform a comprehensive correlation analysis for two transfer directions (and overall) at different levels. Compared to existing automatic metrics, ChatGPT ac",True,False
W4407166619,Revolutionizing Peer Review: A Comparative Analysis of ChatGPT and Human Review Reports in Scientific Publishing,2025,Preprints.org,6,preprint,,10.20944/preprints202502.0058.v1,"Jovan Shopovski, Raihana Mohdali, Dejan Marolov",ChatGPT-4 and other large language models (LLMs) and their use in academic writing have raised questions regarding their capacity to facilitate the peer review process. This research article compares AI-generated peer review reports (using ChatGPT-4 with tools) with traditional review reports generated by humans. The review reports were received for 198 manuscripts submitted to the European Scientific Journal (ESJ) between January and September 2024. Each manuscript underwent a parallel evaluation process. First by human reviewers of the journal and by ChatGPT-4 with tools paid version afterwa,True,False
W4404782021,Beyond Agreement: Diagnosing the Rationale Alignment of Automated Essay Scoring Methods based on Linguistically-informed Counterfactuals,2024,,6,article,,10.18653/v1/2024.findings-emnlp.520,"Yupei Wang, Renfen Hu, Zhe Zhao","While current Automated Essay Scoring (AES) methods demonstrate high scoring agreement with human raters, their decision-making mechanisms are not fully understood.Our proposed method, using counterfactual intervention assisted by Large Language Models (LLMs), reveals that BERT-like models primarily focus on sentence-level features, whereas LLMs such as GPT-3.5,GPT-4 and Llama-3 are sensitive to conventions & accuracy, language complexity, and organization, indicating a more comprehensive rationale alignment with scoring rubrics.Moreover, LLMs can discern counterfactual interventions when givi",True,False
W4399837631,Judging the Judges: Evaluating Alignment and Vulnerabilities in LLMs-as-Judges,2024,arXiv (Cornell University),6,preprint,2406.12624,10.48550/arxiv.2406.12624,"Aman Singh Thakur, Kartik Choudhary, Venkat Srinik Ramayapally et al.","Offering a promising solution to the scalability challenges associated with human evaluation, the LLM-as-a-judge paradigm is rapidly gaining traction as an approach to evaluating large language models (LLMs). However, there are still many open questions about the strengths and weaknesses of this paradigm, and what potential biases it may hold. In this paper, we present a comprehensive study of the performance of various LLMs acting as judges, focusing on a clean scenario in which inter-human agreement is high. Investigating thirteen judge models of different model sizes and families, judging a",True,False
W4404781801,PEDANTS: Cheap but Effective and Interpretable Answer Equivalence,2024,,6,article,,10.18653/v1/2024.findings-emnlp.548,"Zongxia Li, Ishani Mondal, Huy Nghiem et al.","Question answering (QA) can only make progress if we know if an answer is correct, but current answer correctness (AC) metrics struggle with verbose, free-form answers from large language models (LLMs).There are two challenges with current short-form QA evaluations: a lack of diverse styles of evaluation data and an over-reliance on expensive and slow LLMs.LLM-based scorers correlate better with humans, but this expensive task has only been tested on limited QA datasets.We rectify these issues by providing rubrics and datasets for evaluating machine QA adopted from the Trivia community.We also",True,False
W4410574007,Large-scale moral machine experiment on large language models,2025,PLoS ONE,5,article,,10.1371/journal.pone.0322776,"Muhammad Ahmad, Kazuhiro Takemoto","The rapid advancement of Large Language Models (LLMs) and their potential integration into autonomous driving systems necessitates understanding their moral decision-making capabilities. While our previous study examined four prominent LLMs using the Moral Machine experimental framework, the dynamic landscape of LLM development demands a more comprehensive analysis. Here, we evaluate moral judgments across 52 different LLMs, including multiple versions of proprietary models (GPT, Claude, Gemini) and open-source alternatives (Llama, Gemma), to assess their alignment with human moral preferences",True,False
W4401043072,Comparing Two Model Designs for Clinical Note Generation; Is an LLM a Useful Evaluator of Consistency?,2024,,5,article,,10.18653/v1/2024.findings-naacl.25,"Nathan Brake, Thomas Schaaf","Following an interaction with a patient, physicians are responsible for the submission of clinical documentation, often organized as a SOAP note.A clinical note is not simply a summary of the conversation but requires the use of appropriate medical terminology.The relevant information can then be extracted and organized according to the structure of the SOAP note.In this paper we analyze two different approaches to generate the different sections of a SOAP note based on the audio recording of the conversation, and specifically examine them in terms of note consistency.The first approach genera",True,False
W4377865136,Large Language Models are Not Yet Human-Level Evaluators for Abstractive Summarization,2023,arXiv (Cornell University),5,preprint,2305.13091,10.48550/arxiv.2305.13091,"Chenhui Shen, Liying Cheng, Nguyen, Xuan-Phi et al.","With the recent undeniable advancement in reasoning abilities in large language models (LLMs) like ChatGPT and GPT-4, there is a growing trend for using LLMs on various tasks. One area where LLMs can be employed is as an alternative evaluation metric for complex generative tasks, which generally demands expensive human judges to complement the traditional automatic metrics for various evaluation dimensions such as fluency and consistency. In this work, we conduct extensive analysis to investigate the stability and reliability of LLMs as automatic evaluators for abstractive summarization. We fo",True,False
W4414912504,Evaluation of large language models within GenAI in qualitative research,2025,Scientific Reports,5,article,,10.1038/s41598-025-18969-w,"Supriya D. Mehta, Souvik Paul, Enid Awiti et al.","Large language models (LLMs) perform tasks such as summarizing information and analyzing sentiment to generate meaningful and natural responses. The application of GenAI incorporating LLMs raises potential utilities for conducting qualitative research. Using a qualitative study that assessed the impact of the COVID-19 pandemic on the sexual and reproductive health of adolescent girls and young women (AGYW) in rural western Kenya: our objective was to compare thematic analyses conducted by GenAI using LLM to qualitative analysis conducted by humans, with regards to major themes identified, sele",True,False
W4413442135,Leveraging large language models for thematic analysis: a case study in the charity sector,2025,AI & Society,5,article,,10.1007/s00146-025-02487-4,"Chuanchi Wen, Paul Clough, Rachel Paton et al.","Abstract This study explores how large language models (LLMs) can support deductive and inductive thematic coding in real-life contexts, balancing AI-driven efficiency with essential human oversight. Using three datasets from Tearfund, a UK-based Christian charity, we propose a dual-role human–LLM collaborative framework where the LLM functions as an initial annotator and a validator. In the deductive phase, GPT-4o and GPT-4o-mini were compared against human coders. GPT-4o achieved a substantial agreement in multi-label thematic categorization (κ = 0.61–0.65), while GPT-4o-mini showed a modera",True,False
W4405193806,Quati: A Brazilian Portuguese Information Retrieval Dataset from Native Speakers,2024,,4,article,,10.5753/stil.2024.245426,"Mirelle Candida Bueno, E. Seiti de Oliveira, Rodrigo Nogueira et al.","We present Quati, a dataset specifically designed for evaluating Information Retrieval (IR) systems for the Brazilian Portuguese language. It comprises a collection of queries formulated by native speakers and a curated set of documents sourced from a selection of frequently accessed Brazilian Portuguese websites, which ensures a representative and relevant corpus. To label the query–document pairs, we use a state-of-the-art LLM, which shows inter-annotator agreement levels comparable to human performance in our assessments. Our annotation methodology is described, enabling the cost-effective ",True,False
W4404341075,Self-Preference Bias in LLM-as-a-Judge,2024,arXiv (Cornell University),4,preprint,2410.21819,10.48550/arxiv.2410.21819,"Koki Wataoka, Tsubasa Takahashi, Ryokan Ri","Automated evaluation leveraging large language models (LLMs), commonly referred to as LLM evaluators or LLM-as-a-judge, has been widely used in measuring the performance of dialogue systems. However, the self-preference bias in LLMs has posed significant risks, including promoting specific styles or policies intrinsic to the LLMs. Despite the importance of this issue, there is a lack of established methods to measure the self-preference bias quantitatively, and its underlying causes are poorly understood. In this paper, we introduce a novel quantitative metric to measure the self-preference bi",True,False
W4412377811,Large Language Model Relevance Assessors Agree With One Another More Than With Human Assessors,2025,,4,article,,10.1145/3726302.3730218,"Maik Fröbe, Andrew Parry, Ferdinand Schlatt et al.","Relevance judgments can differ between assessors, but previous work has shown that such disagreements have little impact on the effectiveness rankings of retrieval systems. This applies to disagreements between humans as well as between human and large language model (LLM) assessors. However, the agreement between different LLM~assessors has not yet been systematically investigated. To close this gap, we compare eight LLM~assessors on the TREC DL tracks and the retrieval task of the RAG track with each other and with human assessors. We find that the agreement between LLM~assessors is higher t",True,False
W4407212961,"Training an LLM-as-a-Judge Model: Pipeline, Insights, and Practical Lessons",2025,,4,preprint,2502.02988,10.1145/3701716.3715265,"Renjun Hu, Cheng Yi, Libin Meng et al.","The rapid advancement of large language models (LLMs) has opened new possibilities for their adoption as evaluative judges. This paper introduces Themis, a fine-tuned LLM judge that delivers sophisticated context-aware evaluations. We provide a comprehensive overview of the development pipeline for Themis, highlighting its scenario-dependent evaluation prompts and two novel methods for controlled instruction generation. These designs enable Themis to effectively distill evaluative skills from teacher models, while retaining flexibility for continuous development. We introduce two human-labeled",True,False
W4399511950,WildBench: Benchmarking LLMs with Challenging Tasks from Real Users in the Wild,2024,arXiv (Cornell University),4,preprint,2406.0477,10.48550/arxiv.2406.04770,"Bill Yuchen Lin, Yuntian Deng, Khyathi Raghavi Chandu et al.","We introduce WildBench, an automated evaluation framework designed to benchmark large language models (LLMs) using challenging, real-world user queries. WildBench consists of 1,024 tasks carefully selected from over one million human-chatbot conversation logs. For automated evaluation with WildBench, we have developed two metrics, WB-Reward and WB-Score, which are computable using advanced LLMs such as GPT-4-turbo. WildBench evaluation uses task-specific checklists to evaluate model outputs systematically and provides structured explanations that justify the scores and comparisons, resulting i",True,False
W4412377345,A Human-AI Comparative Analysis of Prompt Sensitivity in LLM-Based Relevance Judgment,2025,,4,article,2504.12408,10.1145/3726302.3730159,"Negar Arabzadeh, Charles L. A. Clarke","Large Language Models (LLMs) are increasingly used to automate relevance judgments for information retrieval (IR) tasks, often demonstrating agreement with human labels that approaches inter-human agreement. To assess the robustness and reliability of LLM-based relevance judgments, we systematically investigate impact of prompt sensitivity on the task. We collected prompts for relevance assessment from 15 human experts and 15 LLMs across three tasks-binary, graded, and pairwise-yielding 90 prompts in total. We compare LLM-generated labels with TREC official human labels using Cohen's κ and pai",True,False
W4387695495,Automating Clinical Phenotyping Using Natural Language Processing: An Application for Crohn’s Disease,2023,medRxiv,3,preprint,,10.1101/2023.10.16.23297099,"Linea Schmidt, Susanne Ibing, Florian Borchert et al.","Abstract Real-world studies based on electronic health records often require manual chart review to derive patients’ clinical phenotypes, a labor-intensive task with limited scalability. Here, we developed and compared computable phenotyping based on rules using the spaCy frame-work and a Large Language Model (LLM), GPT-4, for disease behavior and age at diagnosis of Crohn’s disease patients. We are the first to describe computable phenotyping algorithms using clinical texts for these complex tasks with previously described inter-annotator agreements between 0.54 and 0.98. The data comprised c",True,False
W4404390896,LLM-GLOBE: A Benchmark Evaluating the Cultural Values Embedded in LLM Output,2024,arXiv (Cornell University),3,preprint,2411.06032,10.48550/arxiv.2411.06032,"Elise Karinshak, Amanda Hu, Kewen Kong et al.","Immense effort has been dedicated to minimizing the presence of harmful or biased generative content and better aligning AI output to human intention; however, research investigating the cultural values of LLMs is still in very early stages. Cultural values underpin how societies operate, providing profound insights into the norms, priorities, and decision making of their members. In recognition of this need for further research, we draw upon cultural psychology theory and the empirically-validated GLOBE framework to propose the LLM-GLOBE benchmark for evaluating the cultural value systems of ",True,False
W4393968011,LLMs in the Loop: Leveraging Large Language Model Annotations for Active Learning in Low-Resource Languages,2024,arXiv (Cornell University),3,preprint,2404.02261,10.48550/arxiv.2404.02261,"Nataliia Kholodna, Sahib Julka, Mohammad Khodadadi et al.","Low-resource languages face significant barriers in AI development due to limited linguistic resources and expertise for data labeling, rendering them rare and costly. The scarcity of data and the absence of preexisting tools exacerbate these challenges, especially since these languages may not be adequately represented in various NLP datasets. To address this gap, we propose leveraging the potential of LLMs in the active learning loop for data annotation. Initially, we conduct evaluations to assess inter-annotator agreement and consistency, facilitating the selection of a suitable LLM annotat",True,False
W4402466848,Trust or Escalate: LLM Judges with Provable Guarantees for Human Agreement,2024,arXiv (Cornell University),3,preprint,2407.1837,10.48550/arxiv.2407.18370,"Jaehun Jung, Faeze Brahman, Yejin Choi","We present a principled approach to provide LLM-based evaluation with a rigorous guarantee of human agreement. We first propose that a reliable evaluation method should not uncritically rely on model preferences for pairwise evaluation, but rather assess the confidence of judge models and selectively decide when to trust its judgement. We then show that under this selective evaluation framework, human agreement can be provably guaranteed -- such that the model evaluation aligns with that of humans to a user-specified agreement level. As part of our framework, we also introduce Simulated Annota",True,False
W4410638169,JudgeBlender: Ensembling Automatic Relevance Judgments,2025,,3,article,,10.1145/3701716.3715536,"Hossein A. Rahmani, Emine Yilmaz, Nick Craswell et al.","The effective training and evaluation of retrieval systems require a substantial amount of relevance judgments, which are traditionally collected from human assessors - a process that is both costly and time-consuming. Large Language Models (LLMs) have shown promise in generating relevance labels for search tasks, offering a potential alternative to manual assessments. Current approaches often rely on a single LLM, such as GPT-4, which, despite being effective, are expensive and prone to intra-model biases that can favour systems leveraging similar models. In this work, we introduce JudgeBlend",True,False
W4414708191,From Voices to Validity: Leveraging Large Language Models (LLMs) for Textual Analysis of Policy Stakeholder Interviews,2025,AERA Open,3,article,,10.1177/23328584251374595,"Alex Liu, Sun Min","Stakeholder feedback is essential for policymakers to evaluate and develop effective policies, but traditional qualitative analysis methods are often labor-intensive and time-consuming. This study investigates the use of Large Language Models (LLMs) like GPT-4 Turbo (GPT-4) with human expertise to analyze stakeholder interviews regarding K–12 education policy in a U.S. state. The research employed a mixed-methods approach where human experts developed a codebook and iterative prompts for GPT-4 to conduct thematic and sentiment analysis. Results demonstrated that GPT-4’s thematic coding achieve",True,False
W4410296792,Online Prediction of User Enjoyment in Human-Robot Dialogue with LLMs,2025,,3,article,,10.1109/hri61500.2025.10973944,"Ruben Janssens, André Pereira, Gabriel Skantze et al.","Large Language Models (LLMs) allow social robots to engage in unconstrained open-domain dialogue, but often make mistakes when employed in real-world interactions, requiring adaptation of LLMs to specific conversational contexts. However, LLM adaptation techniques require a feedback signal, ideally for multiple alternative utterances. At the same time, human-robot dialogue data is scarce and research often relies on external annotators. A tool for automatic prediction of user enjoyment in human-robot dialogue is therefore needed. We investigate the possibility of predicting user enjoyment turn",True,False
W7118122470,An Experimental Assessment of AI-Based Legal Decision-Making Systems in Contract Analysis and Risk Detection,2025,Qubahan Techno Journal,3,article,,10.48161/qtj.v5n1a81,"Tatiana Suplicy Barbosa, Douglas de Castro, Anand Kumar Singh et al.","This comprehensive experimental study evaluates the performance, reliability, and practical applicability of AI-based legal decision-making systems in contract analysis and risk detection. Utilizing a corpus of 5,247 contracts with expert-validated annotations from 12 legal professionals, we benchmark four classes of AI systems—rule-based, supervised machine learning (XGBoost), fine-tuned transformer models (Legal-BERT), and large language models (GPT-4, Claude 3)—across multiple dimensions critical to legal practice. The Key Findings of this research : a) Performance Variability: Fine-tuned L",True,False
W4404402271,LLM-Assisted Relevance Assessments: When Should We Ask LLMs for Help?,2024,arXiv (Cornell University),3,preprint,2411.06877,10.48550/arxiv.2411.06877,"Rikiya Takehi, Ellen M. Voorhees, Tetsuya Sakai et al.","Test collections are information-retrieval tools that allow researchers to quickly and easily evaluate ranking algorithms. While test collections have become an integral part of IR research, the process of data creation involves significant manual-annotation effort, which often makes it very expensive and time-consuming. Consequently, test collections can become too small when the budget is limited, which may lead to unstable evaluations. As a cheaper alternative, recent studies have proposed using large language models (LLMs) to completely replace human assessors. However, while LLMs correlat",True,False
W7160705148,CalibJudge: Calibrated LLM-as-a-Judge for Multilingual RAG with Uncertainty-Aware Scoring,2026,,3,article,,10.1145/3807246.3807349,"Chenfeiyu Wen, Ao Zhu, Runkun Long et al.","Large Language Models (LLMs) serving as automatic evaluators (LLM-as-a-Judge) have become essential for assessing Retrieval-Augmented Generation (RAG) systems. However, in multilingual settings, these judges exhibit significant calibration drift across languages, producing scores that are neither comparable nor aligned with human judgments. We present CalibJudge, a post-hoc calibration framework that addresses this challenge through: (1) language-specific temperature scaling, (2) uncertainty quantification, and (3) selective abstention. We evaluate CalibJudge on the MEMERAG benchmark covering ",True,False
W4387929279,"Language Models Hallucinate, but May Excel at Fact Verification",2023,arXiv (Cornell University),3,preprint,2310.14564,10.48550/arxiv.2310.14564,"Jian Guan, Jesse Dodge, David Wadden et al.","Recent progress in natural language processing (NLP) owes much to remarkable advances in large language models (LLMs). Nevertheless, LLMs frequently ""hallucinate,"" resulting in non-factual outputs. Our carefully-designed human evaluation substantiates the serious hallucination issue, revealing that even GPT-3.5 produces factual outputs less than 25% of the time. This underscores the importance of fact verifiers in order to measure and incentivize progress. Our systematic investigation affirms that LLMs can be repurposed as effective fact verifiers with strong correlations with human judgments.",True,False
W4388748450,Benchmarking Generation and Evaluation Capabilities of Large Language Models for Instruction Controllable Summarization,2023,arXiv (Cornell University),3,preprint,2311.09184,10.48550/arxiv.2311.09184,"Yixin Liu, Alexander R. Fabbri, Jiawen Chen et al.","While large language models (LLMs) can already achieve strong performance on standard generic summarization benchmarks, their performance on more complex summarization task settings is less studied. Therefore, we benchmark LLMs on instruction controllable text summarization, where the model input consists of both a source article and a natural language requirement for desired summary characteristics. To this end, we curate an evaluation-only dataset for this task setting and conduct human evaluations of five LLM-based systems to assess their instruction-following capabilities in controllable s",True,False
