paperId,title,year,venue,cited_by,arxiv,doi,ptypes,authors,abstract
a9e155fda1d97baa2b8712f580cc61887cc64e9b,ChatGPT outperforms crowd workers for text-annotation tasks,2023,Proceedings of the National Academy of Sciences of the United States of America,1493,2303.15056,10.1073/pnas.2305016120,JournalArticle,"F. Gilardi, Meysam Alizadeh, M. Kubli","Many NLP applications require manual text annotations for a variety of tasks, notably to train classifiers or evaluate the performance of unsupervised models. Depending on the size and degree of complexity, the tasks may be conducted by crowd workers on platforms such as MTurk as well as trained annotators, such as research assistants. Using four samples of tweets and news articles (n = 6,183), we show that ChatGPT outperforms crowd workers for several annotation tasks, including relevance, stance, topics, and frame detection. Across the four datasets, the zero-shot accuracy of ChatGPT exceeds"
b3f1706e81a91fd4ae4478653d4c7ec4fb7542ca,ChatGPT vs. Human Annotators: A Comprehensive Analysis of ChatGPT for Text Annotation,2023,International Conference on Machine Learning and Applications,29,,10.1109/ICMLA58977.2023.00089,JournalArticle;Conference,"Mohammed Aldeen, Joshua Luo, Ashley Lian et al.","In recent years, the field of Natural Language Processing (NLP) has witnessed a groundbreaking transformation with the emergence of large language models (LLMs). ChatGPT stands out as an example among these LLM models captivating considerable public interest due to its impressive language generation capabilities. Researchers have been exploring the potential of using ChatGPT for data annotation tasks, aiming to discover more timesaving and cost-effective approaches. In this paper, we present a comprehensive evaluation of ChatGPT's data annotation capabilities across ten diverse datasets coveri"
edffe81ae17007519c21b12aefae6e1362ea43b9,GPT models for text annotation: An empirical exploration in public policy research,2025,Policy Studies Journal,12,,10.1111/psj.70034,JournalArticle,"Alexander Churchill, S. Pichika, Chengxin Xu et al.","Text annotation, the practice of labeling text following a predetermined scheme, is essential to qualitative public policy research. Despite its importance, annotating large qualitative data faces challenges of high labor and time costs. Recent developments in large language models (LLMs), specifically models with generative pretrained transformers (GPTs), show a potential approach that may alleviate the burden of manual text annotation. In this report, we first introduce a small sample pretest strategy for researchers to decide whether to use Open AI's GPT models for text annotation. In addit"
1139f1aa77db0eb55e6900fbb46547e78efc6731,ChatGPT does not replicate human moral judgments: the importance of examining metrics beyond correlation to assess agreement,2025,Scientific Reports,6,,10.1038/s41598-025-24700-6,JournalArticle,"M. Grizzard, R. Frazer, Andrew Luttrell et al.","The rise of generative artificial intelligence has prompted claims that large language models (LLMs) can substitute for human participants, particularly in moral judgment tasks where correlations between ChatGPT and humans approach r = 1.00. In response, we conducted a pre-registered study where two LLMs (text-davinci-003 and GPT-4o) predicted human moral judgments of 60 scenarios prior to a large human sample (N = 940) rating them. Despite strong correlations, difference scores revealed substantial, systematic errors: Compared to humans, LLMs provided more extreme morality ratings of moral an"
e5d437010dc5d819efab0d5d5cf6e6c93668e2f9,Labeling in Their Shoes: Improving Text Annotation with Cognitive Empathy Priming,2025,"Conference on Equity and Access in Algorithms, Mechanisms, and Optimization",0,,10.1145/3757887.3767690,Book;JournalArticle,"Sung Hyun Kwon, Jessica Clark, I. Hann et al.","Labels created by human annotators are essential for developing and assessing machine learning systems, particularly in areas involving subjective judgment. In cases where personal viewpoints influence labeling decisions, crowd-sourced annotators often struggle to achieve agreement and consistently deviate from expert consensus. Detecting sexist material represents one such perspective-sensitive context. We find consistent disagreement both among annotators themselves and between annotators and experts consensus, a pattern that continues even with many annotators. This misalignment significant"
f59d5b07fda1ec98ab97a23cd22043d20a174ed3,Text-to-SQL Domain Adaptation via Human-LLM Collaborative Data Annotation,2025,International Conference on Intelligent User Interfaces,12,2502.15980,10.1145/3708359.3712083,JournalArticle;Book;Conference,"Yuan Tian, Daniel Lee, Fei Wu et al.","Text-to-SQL models, which parse natural language (NL) questions to executable SQL queries, are increasingly adopted in real-world applications. However, deploying such models in the real world often requires adapting them to the highly specialized database schemas used in specific applications. We find that existing text-to-SQL models experience significant performance drops when applied to new schemas, primarily due to the lack of domain-specific data for fine-tuning. This data scarcity also limits the ability to effectively evaluate model performance in new domains. Continuously obtaining hi"
aea98a47cccede5bdecd1136b7c3c6a31b4c1edf,Human vs ChatGPT: Effect of Data Annotation in Interpretable Crisis-Related Microblog Classification,2024,The Web Conference,20,,10.1145/3589334.3648141,Book;JournalArticle;Conference,"Thi Huyen Nguyen, Koustav Rudra","Recent studies have exploited the vital role of microblogging platforms, such as Twitter, in crisis situations. Various machine-learning approaches have been proposed to identify and prioritize crucial information from different humanitarian categories for preparation and rescue purposes. In crisis domain, the explanation of models' output decisions is gaining significant research momentum. Some previous works focused on human annotations of rationales to train and extract supporting evidence for model interpretability. However, such annotations are usually expensive, require much effort, and "
3a37a5cb06b2deac73175214f8517b64d9d7d5a0,Testing the Reliability of ChatGPT for Text Annotation and Classification: A Cautionary Remark,2023,arXiv.org,116,2304.11085,10.48550/arXiv.2304.11085,JournalArticle,Michael V. Reiss,"Recent studies have demonstrated promising potential of ChatGPT for various text annotation and classification tasks. However, ChatGPT is non-deterministic which means that, as with human coders, identical input can lead to different outputs. Given this, it seems appropriate to test the reliability of ChatGPT. Therefore, this study investigates the consistency of ChatGPT's zero-shot capabilities for text annotation and classification, focusing on different model parameters, prompt variations, and repetitions of identical inputs. Based on the real-world classification task of differentiating we"
ae5e38058e9d622666254fa873c35a449a7bb2e1,Leveraging ChatGPT As Text Annotation Tool For Sentiment Analysis,2023,arXiv.org,56,2306.17177,10.48550/arXiv.2306.17177,JournalArticle;Review,"Mohammad Belal, James She, Simon Wong","Sentiment analysis is a well-known natural language processing task that involves identifying the emotional tone or polarity of a given piece of text. With the growth of social media and other online platforms, sentiment analysis has become increasingly crucial for businesses and organizations seeking to monitor and comprehend customer feedback as well as opinions. Supervised learning algorithms have been popularly employed for this task, but they require human-annotated text to create the classifier. To overcome this challenge, lexicon-based tools have been used. A drawback of lexicon-based a"
fe107c57c7c08d619b1ab4b5a275a048e65726d1,Leveraging ChatGPT for Enhancing Arabic NLP: Application for Semantic Role Labeling and Cross-Lingual Annotation Projection,2025,IEEE Access,10,,10.1109/ACCESS.2025.3525493,JournalArticle,"Ferial Senator, Abdelaziz Lakhfif, Imene Zenbout et al.","Semantic role labeling involves assigning semantic roles to sentence arguments, providing rich information for various NLP tasks and applications. Annotated corpora with semantic roles are a critical factor in improving the performance of semantic-based models. Besides, Arabic as a low resourced language, have to pay more attention to alternative methods to build such annotated corpora. To this end, two traditional methods have been intensively used, namely, manual annotation and crowed-resourced annotation. The former is highly precise but it demands substantial training and extensive resourc"
3c42a068bd9126ae7ceacb6c89a3ae8f89ca4a08,From Text to Emotion: Unveiling the Emotion Annotation Capabilities of LLMs,2024,Interspeech,22,2408.17026,10.21437/interspeech.2024-2282,JournalArticle,"Minxue Niu, Mimansa Jaiswal, E. Provost","Training emotion recognition models has relied heavily on human annotated data, which present diversity, quality, and cost challenges. In this paper, we explore the potential of Large Language Models (LLMs), specifically GPT4, in automating or assisting emotion annotation. We compare GPT4 with supervised models and or humans in three aspects: agreement with human annotations, alignment with human perception, and impact on model training. We find that common metrics that use aggregated human annotations as ground truth can underestimate the performance, of GPT-4 and our human evaluation experim"
29fed0dcbf101c36ae1a79a7cb8224c06e16f916,ChatGPT Label: Comparing the Quality of Human-Generated and LLM-Generated Annotations in Low-Resource Language NLP Tasks,2024,IEEE Access,99,,10.1109/ACCESS.2024.3402809,JournalArticle,"A. Nasution, Aytuğ Onan","This research paper presents a comprehensive comparative study assessing the quality of annotations in Turkish, Indonesian, and Minangkabau Natural Language Processing (NLP) tasks, with a specific focus on the contrast between annotations generated by human annotators and those produced by Large Language Models (LLMs). In the context of NLP, high-quality annotations play a pivotal role in training and evaluating machine-learning models. The study encompasses three core NLP tasks: topic classification, tweet sentiment analysis, and emotion classification, each reflecting a distinct aspect of te"
281ef9de447ca96e9a86f4f3547a23a904162964,"Labeling social media posts: does showing coders multimodal content produce better human annotation, and a better machine classifier?",2025,Political Science Research and Methods,3,,10.1017/psrm.2025.10010,JournalArticle,"Haohan Chen, James Bisbee, Joshua A. Tucker et al.","
 The increasing multimodality (e.g., images, videos, links) of social media data presents opportunities and challenges. But text-as-data methods continue to dominate as modes of classification, as multimodal social media data are costly to collect and label. Researchers who face a budget constraint may need to make informed decisions regarding whether to collect and label only the textual content of social media data or their full multimodal content. In this article, we develop five measures and an experimental framework to assist with these decisions. We propose five performance metrics to m"
c5ac6c85db58fb8305683069dfa94a3a08869105,Disambiguating sentiment annotation: A mixed methods investigation of annotator experience and impact of instructions on annotator agreement,2025,PLoS ONE,1,,10.1371/journal.pone.0336269,JournalArticle;Review,"Laura E. M. Äyräväinen, Joanne Hinds, Brittany I. Davidson","Human-annotated datasets are central to the development and evaluation of sentiment analysis and other natural language processing systems. However, many existing datasets suffer from low annotator agreement and errors, raising concerns about the quality of data used to train and evaluate computational systems. Improving annotation reliability demands close examination of how datasets are created and how annotators interpret and approach the task. To this end, we create AmbiSent, a new sentiment dataset designed to capture cases of interpretive complexity that commonly challenge both annotator"
935d83a4e3c6fabe37ae8419071d9c6c4721e6d4,Multi-LLM Disagreement as a Scalable Detector of Human Annotation Errors in Structured Data from Clinical Free-Text,2026,medRxiv,0,,10.64898/2026.05.04.26352392,Review,"S. Wittlinger, J. Meerjansen, F. Wolf et al.",
278f05d0a3cb7a3f7a7275c24a093e3c9a588373,ChatGPT as a Text Annotation Tool to Evaluate Sentiment Analysis on South African Financial Institutions,2024,IEEE Access,14,,10.1109/ACCESS.2024.3464374,JournalArticle;Review,"Miehleketo Mathebula, Abiodun Modupe, V. Marivate","Social media platforms play a significant role in analyzing customer perceptions of financial products and services in today’s culture. These platforms facilitate the immediate and in-depth sharing of thoughts and experiences, offering valuable insights into consumer behaviour. Any customer looking for such a service would surf the internet for reviews and ratings before making a decision, which usually influences their ultimate pick. Feedback and suggestions from friends, family, and coworkers improve customer experiences. Customer reviews play a crucial role in shaping the reputation and pro"
8adad8c65d9226dc4bb3b3ebadc8b37131bbc2e3,Using a large language model (ChatGPT) to assess risk of bias in randomized controlled trials of medical interventions: protocol for a pilot study of interrater agreement with human reviewers,2025,BMC Medical Research Methodology,4,,10.1186/s12874-025-02631-0,JournalArticle;Review,"Christopher James Rose, Julia Bidonde, M. Ringsten et al.",Risk of bias (RoB) assessment is an essential part of systematic reviews that requires reading and understanding each eligible trial and RoB tools. RoB assessment is subject to human error and is time-consuming. Machine learning-based tools have been developed to automate RoB assessment using simple models trained on limited corpuses. ChatGPT is a conversational agent based on a large language model (LLM) that was trained on an internet-scale corpus and has demonstrated human-like abilities in multiple areas including healthcare. LLMs might be able to support systematic reviewing tasks such as
775935beaa9a69f7469091abe3fd4ca0c5a10ed4,Evaluating Large Language Model Versus Human Performance in Islamophobia Dataset Annotation,2025,International Journal of Advanced Computer Science and Applications,0,,10.14569/ijacsa.2025.0160512,JournalArticle,"Rafizah Daud, Nurlida Basir, Nur Fatin Nabila Binti Mohd Rafei Heng et al.","—Manual annotation of large datasets is a time-consuming and resource-intensive process. Hiring annotators or outsourcing to specialized platforms can be costly, particularly for datasets requiring domain-specific expertise. Additionally, human annotation may introduce inconsistencies, especially when dealing with complex or ambiguous data, as interpretations can vary among annotators. Large Language Models (LLMs) offer a promising alternative by automating data annotation, potentially improving scalability and consistency. This study evaluates the performance of ChatGPT compared to human anno"
81f9d59edca065e40eb1166b59d18d041f9130f4,Labeling in Their Shoes: Improving Text Annotation with Cognitive Empathy Priming (Extended Abstract),2025,"Proceedings of the AAAI/ACM Conference on AI, Ethics, and Society",0,,10.1609/aies.v8i2.36652,JournalArticle;Conference,"Sung Hyun Kwon, Jessica Clark, I. Hann et al.","Human-annotated labels are crucial for training and
evaluating machine learning models especially in domains
requiring human judgment. However, crowdsourced labelers
frequently struggle to reach consensus and differ from
expert consensus. Through studies in sexist content
identification, we demonstrate how this systematic
misalignment persists even with large numbers of annotators
and significantly impacts model performance. To address
this challenge, we introduce cognitive empathy priming
(CEP)—a scalable psychological intervention that enhances
annotators' ability to recognize perspectives d"
32f017c6d692861184c87fd9d7e6cc7c5025fcc6,Transfer Learning and Lexicon-Based Approaches for Implicit Hate Speech Detection: A Comparative Study of Human and GPT-4 Annotation,2024,International Computer Science Conference,4,,10.1109/ICSC59802.2024.00028,JournalArticle;Conference,"Saad Almohaimeed, Saleh Almohaimeed, Ladislau Bölöni","Detecting harmful speech is the subject of significant research effort both in the academia and industry. While good progress was made on detecting explicit hate speech, detecting implicit hate remains difficult as it requires a deep understanding of the allusions of the text and the social context in which it was uttered. In this paper we study the effectiveness of several approaches to implicit hate speech detection, including lexicon-based approaches, transfer learning, and the use of up-to-date large language models, such as GPT-4. By combining lexicon-based approach with the targeted topi"
bf05edada2821a9ab9760ac3033ccdf689bea902,"Annotation Quality in Aspect-Based Sentiment Analysis: A Case Study Comparing Experts, Students, Crowdworkers, and Large Language Model",2026,,0,2605.03624,,,"Niklas Donhauser, Jakob Fehle, Nils Constantin Hellwig et al.","Aspect-Based Sentiment Analysis (ABSA) enables fine-grained opinion analysis by identifying sentiments toward specific aspects or targets within a text. While ABSA has been widely studied for English, research on other languages such as German remains limited, largely due to the lack of high-quality annotated datasets. This paper examines how different annotation sources influence the development of German ABSA. To this end, an existing dataset is re-annotated by experts to establish a ground truth, which serves as a reference for evaluating annotations produced by students, crowdworkers, Larg"
4c9f5606ad992b5b8e5bc84b14c4a9e83d33548a,"AI-driven speech act annotation: accuracy and reproducibility across ChatGPT, LadderWeb and LLaMA",2026,AI-Linguistica. Linguistic Studies on AI-Generated Texts and Discourses,1,,10.62408/ai-ling.v3i1.33,JournalArticle;Review,"Nicola Brocca, Elena Nuzzo, Joseph Wang-Kathrein","This study evaluates three machine learning systems for annotating pragmatic categories, focusing on cancellations after accepting an invitation. The systems include the supervised model LadderWeb and the pre-trained models ChatGPT-4o and LLaMA-3.2. LadderWeb, built on Apache OpenNLP, was specifically designed for cancellation annotation. ChatGPT-4o was tested through a web interface to simulate non-expert use, while LLaMA-3.2 was run locally to ensure control, reproducibility, and data security. Both large language models were prompted using a few-shot learning approach (Brocca et al., in rev"
11646a85a044c962d42b4d83f60984b9dcd9cb62,Taking disagreements into consideration: human annotation variability in privacy policy analysis,2025,Information Research,0,,10.47989/ir30iconf47581,JournalArticle,"Tian Wang, Yuanye Ma, Catherine Blake et al.","Introduction. Privacy policies inform users about data practices but are often complex and difficult to interpret. Human annotation plays a key role in understanding privacy policies, yet annotation disagreements highlight the complexity of these texts. Traditional machine learning models prioritize consensus, overlooking annotation variability and its impact on accuracy. 
Method. This study examines how annotation disagreements affect machine learning performance using the OPP-115 corpus. It compares majority vote and union methods with alternative strategies to assess their impact on policy "
9b2a802cccdbba0cee4d98ee9fd32301c298d0d7,"Opening up ChatGPT: Tracking openness, transparency, and accountability in instruction-tuned text generators",2023,International Conference on Conversational User Interfaces,120,2307.05532,10.1145/3571884.3604316,JournalArticle;Book;Review,"Andreas Liesenfeld, Alianda Lopez, Mark Dingemanse","Large language models that exhibit instruction-following behaviour represent one of the biggest recent upheavals in conversational interfaces, a trend in large part fuelled by the release of OpenAI’s ChatGPT, a proprietary large language model for text generation fine-tuned through reinforcement learning from human feedback (LLM+RLHF). We review the risks of relying on proprietary software and survey the first crop of open-source projects of comparable architecture and functionality. The main contribution of this paper is to show that openness is differentiated, and to offer scientific documen"
039f82bdfac8aef61f64c3dfa4dc54ac75e418b2,ChatGPT as a Factual Inconsistency Evaluator for Text Summarization,2023,,109,2303.15621,,,"Zheheng Luo, Qianqian Xie, S. Ananiadou","The performance of text summarization has been greatly boosted by pre-trained language models. A main concern of existing methods is that most generated summaries are not factually inconsistent with their source documents. To alleviate the problem, many efforts have focused on developing effective factuality evaluation metrics based on natural language inference, question answering, and syntactic dependency et al. However, these approaches are limited by either their high computational complexity or the uncertainty introduced by multi-component pipelines, resulting in only partial agreement wi"
9615f994706dda2bcf4ddd7e0b02155edd8ec409,From Humans to Machines: Can ChatGPT-like LLMs Effectively Replace Human Annotators in NLP Tasks?,2023,,47,,,,"Surendrabikram Thapa, Usman Naseem, Mehwish Nasim",
e1c04ca64681d6ab6af0d6c2a15ed524db544509,Inter-rater agreement for the annotation of neurologic signs and symptoms in electronic health records,2023,Frontiers in Digital Health,5,,10.3389/fdgth.2023.1075771,JournalArticle,"Chelsea Oommen, Q. Howlett-Prieto, M. Carrithers et al.","The extraction of patient signs and symptoms recorded as free text in electronic health records is critical for precision medicine. Once extracted, signs and symptoms can be made computable by mapping to signs and symptoms in an ontology. Extracting signs and symptoms from free text is tedious and time-consuming. Prior studies have suggested that inter-rater agreement for clinical concept extraction is low. We have examined inter-rater agreement for annotating neurologic concepts in clinical notes from electronic health records. After training on the annotation process, the annotation tool, an"
ee2e76e058b79487604a152187f387a44c5f8761,CLARIN-Emo: Training Emotion Recognition Models Using Human Annotation and ChatGPT,2023,International Conference on Conceptual Structures,24,,10.1007/978-3-031-35995-8_26,JournalArticle,"Bartlomiej Koptyra, Anh Ngo, Lukasz Radlinski et al.",
c2061bc805785dab28374676993ac9632625e09e,Closing the Loop: Testing ChatGPT to Generate Model Explanations to Improve Human Labelling of Sponsored Content on Social Media,2023,arXiv.org,16,2306.05115,10.48550/arXiv.2306.05115,JournalArticle;Review,"Thales Bertaglia, Stefan Huber, Catalina Goanta et al.","Regulatory bodies worldwide are intensifying their efforts to ensure transparency in influencer marketing on social media through instruments like the Unfair Commercial Practices Directive (UCPD) in the European Union, or Section 5 of the Federal Trade Commission Act. Yet enforcing these obligations has proven to be highly problematic due to the sheer scale of the influencer market. The task of automatically detecting sponsored content aims to enable the monitoring and enforcement of such regulations at scale. Current research in this field primarily frames this problem as a machine learning t"
d0b166c47e194d4bddcdd73cc8926a331597bc83,Text Segmentation Methods for Annotation on eHealth Consultation with Interview Function Labels: A Comparative Study,2023,International Conference on Software Engineering and Computer Systems,1,,10.1109/ICSECS58457.2023.10256340,JournalArticle;Conference,"Yunianita Rahmawati, Daniel Siahaan, Diana Purwitasari","There have been several existing text segmentation methods. Nevertheless, no study has provided the experimental result on the performance of those methods in segmenting text of health consultation data based on sentence context and provided automatic annotation on the segmented results in the form of interview function labels. This study compares four methods with different text segmentation approaches and analyzes their performances based on their reliability concerning human expert judgment. The methods are Content Vector Segmentation (CVS), GraphSeg, K-Means, and Latent Dirichlet Allocatio"
b6816c3451ab525a13b8f87ebfcec2cb73da13cf,Collaborative Emotion Annotation: Assessing the Intersection of Human and AI Performance with GPT Models,2023,International Conference on Knowledge Discovery and Information Retrieval,2,,10.5220/0012183200003598,JournalArticle,"Hande Aka Uymaz, S. K. Metin",": In this study, we explore emotion detection in text, a complex yet vital aspect of human communication. Our focus is on the formation of an annotated dataset, a task that often presents difficulties due to factors such as reliability, time, and consistency. We propose an alternative approach by employing artificial intelligence (AI) models as potential annotators, or as augmentations to human annotators. Specifically, we utilize ChatGPT, an AI language model developed by OpenAI. We use its latest versions, GPT3.5 and GPT4, to label a Turkish dataset having 8290 terms according to Plutchik’s "
2a74fc66beea8bce542581560ca6ec5a0e1bb024,CoAnnotating: Uncertainty-Guided Work Allocation between Human and Large Language Models for Data Annotation,2023,Conference on Empirical Methods in Natural Language Processing,130,2310.15638,10.18653/v1/2023.emnlp-main.92,JournalArticle;Conference,"Minzhi Li, Taiwei Shi, Caleb Ziems et al.","Annotated data plays a critical role in Natural Language Processing (NLP) in training models and evaluating their performance. Given recent developments in Large Language Models (LLMs), models such as ChatGPT demonstrate zero-shot capability on many text-annotation tasks, comparable with or even exceeding human annotators. Such LLMs can serve as alternatives for manual annotation, due to lower costs and higher scalability. However, limited work has leveraged LLMs as complementary annotators, nor explored how annotation work is best allocated among humans and LLMs to achieve both quality and co"
b7c2e901458daef8d1ac43a103252d2ab7c7f61e,Sentiment and Emotion Modeling in Text-based Conversations utilizing ChatGPT,2025,"Engineering, Technology &amp; Applied Science Research",2,,10.48084/etasr.9508,JournalArticle,"Pradeep Mullangi, Nagajyothi Dimmita, M. Supriya et al.","Emotional Intelligence (EI) constitutes a vital element of human communication, and its integration into text-based dialogues has gained great significance in the modern digital era. The present paper proposes an innovative method for modeling sentiment and emotion within text-based conversations using the ChatGPT language model. The advancements in sentiment and emotion recognition are centered on the role of EI in text-based conversational models. The study underscores the significance of diverse datasets, including Interactive Emotional Dyadic Motion Capture (IEMOCAP), MELD, EMORYNLP, and D"
b600dcf5152fbc18cc2dbf520bb520bbb71643ec,"Assessing Greenspace Attractiveness with ChatGPT, Claude, and Gemini: Do AI Models Reflect Human Perceptions?",2025,arXiv.org,0,2512.11827,10.48550/arXiv.2512.11827,JournalArticle;Review,"M. Malekzadeh, Magdalena Biernacka, Elias S Willberg et al.","Understanding greenspace attractiveness is essential for designing livable and inclusive urban environments, yet existing assessment approaches often overlook informal or transient spaces and remain too resource intensive to capture subjective perceptions at scale. This study examines the ability of multimodal large language models (MLLMs), ChatGPT GPT-4o, Claude 3.5 Haiku, and Gemini 2.0 Flash, to assess greenspace attractiveness similarly to humans using Google Street View imagery. We compared model outputs with responses from a geo-questionnaire of residents in Lodz, Poland, across both for"
fb31c33349816063f999af1351c03fcea08aeb2e,Humans vs. ChatGPT: Evaluating Annotation Methods for Financial Corpora,2023,BigData Congress [Services Society],9,,10.1109/BigData59044.2023.10386425,JournalArticle;Conference,"Jamshed Kaikaus, Haoen Li, Robert J. Brunner","Given the vast amount of unstructured financial text data available today, there is a high demand for reliable, quality annotations to facilitate robust model development. However, traditional methods can often be expensive and time-inefficient. In this study, we investigate annotations for emotion, sentiment, and cognitive dissonance generated by the large language models (LLMs), GPT-3.5 and GPT-4, for quarterly earnings conference calls and compare them against human annotations obtained via traditional methods. We also investigate different prompt engineering choices on LLM annotation quali"
146aee132e1277be2a8b7dd7c144c15dabc6011f,Towards Human Understanding of Paraphrase Types in ChatGPT,2024,arXiv.org,2,,10.48550/arXiv.2407.02302,JournalArticle,"Dominik Meier, Jan Philip Wahle, Terry Ruas et al.",
9c63ab954fa6e22409741514104d239546e74f8a,Evaluating ChatGPT’s Performance in Classifying Pertrochanteric Fractures Based on Arbeitsgemeinschaft für Osteosynthesefragen/Orthopedic Trauma Association (AO/OTA) Standards,2025,Cureus,6,,10.7759/cureus.78068,JournalArticle,"Mitsuaki Noda, Shunsuke Takahara, Shinya Hayashi et al.","Introduction Generative Pre-Training Transformer (ChatGPT) has become widely recognized for its capability to generate text, synthesize complex information, and perform a variety of tasks without requiring human specialists for data collection. The latest iteration, ChatGPT-4, is a large multimodal model capable of integrating both text and image inputs, rendering it particularly promising for medical applications. However, its efficacy in analyzing radiographic images remains largely unexplored. Aim This study aims to (i) address the lack of data on the accuracy of ChatGPT in radiographic fra"
1cd2aff07f71b7d9eab9cf82c4b70bc4f257ca39,ChatGPT for automated grading of short answer questions in mechanical ventilation,2025,Focus on Health Professional Education A Multi-Professional Journal,2,2505.04645,10.11157/fohpe-vol27iss1id958,JournalArticle,"Tejas Jade, A. Yartsev","Introduction: Standardised tests using short-answer questions (SAQs) are common in postgraduate education. Publicly available large language models (LLMs) are designed to simulate conversational language and interpret free-text responses and could potentially be used to grade SAQs. We evaluated the use of an LLM (ChatGPT 4o) to grade SAQs in a postgraduate medical setting.
Methods: An observational retrospective study was performed using data from 215 students (557 short-answer responses) enrolled in an online unit of study on mechanical ventilation (2020–2024). Deidentified SAQ responses to t"
6b9c6fc4dd5041963486ff710a768fd94bb9d96e,Inter-Rater Agreement for the Annotation of Neurologic Concepts in Electronic Health Records,2022,medRxiv,2,,10.1101/2022.11.16.22282384,,"C. Oommen, Q. Howlett-Prieto, M. Carrithers et al.","The extraction of patient signs and symptoms recorded as free text in electronic health records is critical for precision medicine. Once extracted, signs and symptoms can be made computable by mapping to clinical concepts in an ontology. Extracting clinical concepts from free text is tedious and time-consuming. Prior studies have suggested that inter-rater agreement for clinical concept extraction is low. We have examined inter-rater agreement for annotating neurologic concepts in clinical notes from electronic health records. After training on the annotation process, the annotation tool, and "
82e440220e29d6c2c5866f9cb40e522ca0c8a22d,Human-like Summarization Evaluation with ChatGPT,2023,arXiv.org,185,2304.02554,10.48550/arXiv.2304.02554,JournalArticle,"Mingqi Gao, Jie Ruan, Renliang Sun et al.","Evaluating text summarization is a challenging problem, and existing evaluation metrics are far from satisfactory. In this study, we explored ChatGPT's ability to perform human-like summarization evaluation using four human evaluation methods on five datasets. We found that ChatGPT was able to complete annotations relatively smoothly using Likert scale scoring, pairwise comparison, Pyramid, and binary factuality evaluation. Additionally, it outperformed commonly used automatic evaluation metrics on some datasets. Furthermore, we discussed the impact of different prompts, compared its performan"
7177045990d1b9c3ea2ae7e8de1722741a136b50,Leveraging ChatGPT for thematic analysis of medical best practice advisory data,2025,JAMIA Open,0,,10.1093/jamiaopen/ooaf126,JournalArticle,"Yejin Jeong, Margaret Smith, Robert J Gallo et al.","Abstract Objectives To evaluate ChatGPT’s ability to perform thematic analysis of medical Best Practice Advisory (BPA) free-text comments and identify prompt engineering strategies that optimize performance. Materials and Methods We analyzed 778 BPA comments from a pilot AI-enabled clinical deterioration intervention at Stanford Hospital, categorized as reasons for deterioration (Category 1) and care team actions (Category 2). Prompt engineering strategies (role, context specification, stepwise instructions, few-shot prompting, and dialogue-based calibration) were tested on a 20% random subsam"
ec5a1b799f044ffe0b96402b99493ba99c7ae257,Comparing ChatGPT and validated questionnaires in assessing loneliness and online social support among college students: a cross-sectional study,2025,Scientific Reports,0,,10.1038/s41598-025-06358-2,Study;JournalArticle;Review,"Juan Gu, Jiali Liu, Li-juan Zeng et al.",The capability of ChatGPT to understand and generate human-readable text has prompted the investigation of its potential as mental health assessment tools. This study aims to explore the validity of ChatGPT in assessing loneliness and online social support among college students by comparing scoring consistency between ChatGPT and the validated questionnaires. This was a cross-sectional study between June and August 2024. We pre-trained ChatGPT-4 based on the validated University of California Los Angeles Loneliness Scale-6 (ULS-6) and Chinese Youth Version of the Online Social Support Scale (
51e2b5220e0e41e5a1a2b1cbe1a41b9c9a30d058,Are ChatGPT’s Answers to Questions About Salivary Gland Diseases Accurate and Reliable?,2025,Turkish Archives of Otorhinolaryngology,0,,10.4274/tao.2025.2025-1-17,JournalArticle;Review,"Zülküf Küçüktağ, E. Altan, Gokce SAYGI UYSAL et al.","Objective Chat Generative Pre-Trained Transformer (ChatGPT) is an artificial intelligence model that can generate human-like text dialogs to inputs. There are no ChatGPT studies in the literature only on salivary gland diseases. This study evaluates the accuracy and reliability of ChatGPT’s answers to questions in salivary gland diseases, focusing on its potential use in training otolaryngology professionals. Methods Sixty-one questions, categorized as “basic knowledge,” and “salivary gland tumors” were posed twice using ChatGPT-4. Answers were categorized as 1 (completely correct and comprehe"
4c6646b9a73ac6876b8efc388f7d7308ba9fe46a,Automated Assessment of Encouragement and Warmth in Classrooms Leveraging Multimodal Emotional Features and ChatGPT,2024,International Conference on Artificial Intelligence in Education,26,2404.15310,10.1007/978-3-031-64302-6_5,JournalArticle;Conference,"Ruikun Hou, Tim Fütterer, B. Bühler et al.","Classroom observation protocols standardize the assessment of teaching effectiveness and facilitate comprehension of classroom interactions. Whereas these protocols offer teachers specific feedback on their teaching practices, the manual coding by human raters is resource-intensive and often unreliable. This has sparked interest in developing AI-driven, cost-effective methods for automating such holistic coding. Our work explores a multimodal approach to automatically estimating encouragement and warmth in classrooms, a key component of the Global Teaching Insights (GTI) study's observation pr"
b559738d254c6c57e74ccda0f3c441a276062bc8,"Quite Good, but Not Enough: Nationality Bias in Large Language Models - a Case Study of ChatGPT",2024,International Conference on Language Resources and Evaluation,22,2405.06996,10.48550/arXiv.2405.06996,JournalArticle,"Shucheng Zhu, Weikang Wang, Ying Liu","While nationality is a pivotal demographic element that enhances the performance of language models, it has received far less scrutiny regarding inherent biases. This study investigates nationality bias in ChatGPT (GPT-3.5), a large language model (LLM) designed for text generation. The research covers 195 countries, 4 temperature settings, and 3 distinct prompt types, generating 4,680 discourses about nationality descriptions in Chinese and English. Automated metrics were used to analyze the nationality bias, and expert annotators alongside ChatGPT itself evaluated the perceived bias. The res"
c251c37122d741cf46f12ae1b457df896179949f,Evaluating Text-to-Image Generated Photorealistic Images of Human Anatomy,2024,medRxiv,5,,10.7759/cureus.74193,JournalArticle,"Paula Muhr, Yating Pan, Charlotte Tumescheit et al.","Background: Generative AI models that can produce photorealistic images from text descriptions have many applications in medicine, including medical education and synthetic data. However, it can be challenging to evaluate and compare their range of heterogeneous outputs, and thus there is a need for a systematic approach enabling image and model comparisons. Methods: We develop an error classification system for annotating errors in AI-generated photorealistic images of humans and apply our method to a corpus of 240 images generated with three different models (DALL-E 3, Stable Diffusion XL an"
2cd7d32b9c8b53dffa174a8e9756b87c20db54b4,Can ChatGPT and Gemini justify brain CT referrals? A comparative study with human experts and a custom prediction model,2025,European Radiology Experimental,4,,10.1186/s41747-025-00569-y,Study;JournalArticle,"J. Potočnik, Edel Thomas, D. Kearney et al.","The poor uptake of imaging referral guidelines in Europe results in a substantial amount of inappropriate computed tomography (CT) scans. Publicly available chatbots, ChatGPT and Gemini, offer an alternative for justifying real-world referrals. Recent research reports high ChatGPT accuracy when analysing American College of Radiology Appropriateness Criteria variants. We compared the chatbots’ performance in interpreting, justifying, and suggesting alternative imaging for unstructured adult brain CT referrals in accordance with the European Society of Radiology iGuide. Our prediction model for"
6354f2639d07bf8d5b08a4dcaef4c5db5fe19fdb,ChatGPT-4 Outperforms Experts and Crowd Workers in Annotating Political Twitter Messages with Zero-Shot Learning,2023,arXiv.org,208,2304.06588,10.48550/arXiv.2304.06588,JournalArticle,Petter Törnberg,"This paper assesses the accuracy, reliability and bias of the Large Language Model (LLM) ChatGPT-4 on the text analysis task of classifying the political affiliation of a Twitter poster based on the content of a tweet. The LLM is compared to manual annotation by both expert classifiers and crowd workers, generally considered the gold standard for such tasks. We use Twitter messages from United States politicians during the 2020 election, providing a ground truth against which to measure accuracy. The paper finds that ChatGPT-4 has achieves higher accuracy, higher reliability, and equal or lowe"
334fcce334b4bd7e12d1f9b72c20d4281855dcdb,FALTE: A Toolkit for Fine-grained Annotation for Long Text Evaluation,2022,Conference on Empirical Methods in Natural Language Processing,9,,10.18653/v1/2022.emnlp-demos.35,JournalArticle;Conference,"Tanya Goyal, Junyi Jessy Li, Greg Durrett","A growing swath of NLP research is tackling problems related to generating long text, including tasks such as open-ended story generation, summarization, dialogue, and more. However, we currently lack appropriate tools to evaluate these long outputs of generation models: classic automatic metrics such as ROUGE have been shown to perform poorly, and newer learned metrics do not necessarily work well for all tasks and domains of text. Human rating and error analysis remain a crucial component for any evaluation of long text generation. In this paper, we introduce FALTE, a web-based annotation to"
6b3a3a5118e1a5eb52f003d72a09d3ccbf8ad2a6,[Development and validation of PhenoRAG: A visualization tool for automated human phenotype ontology term annotation based on large language models and retrieval-augmented generation technology].,2026,Zhonghua yi xue yi chuan xue za zhi = Zhonghua yixue yichuanxue zazhi = Chinese journal of medical genetics,0,,10.3760/cma.j.cn511374-20250923-00564,JournalArticle,"Wei Zhong, Yousheng Yan, Kai Yang et al.",
484d96a6c2b1f646555614530683bb3e29a156a6,Interpretable Discriminative Text Representations via Agreement and Label Disentanglement,2026,,0,2605.20693,,,"Tong Wang, Yiqing Xu, L. Yang","Interpretable text representations should expose coordinates that are not only predictive, but also meaningful enough for independent auditors to apply. Existing discriminative representations often use anonymous embedding directions, while concept-bottleneck and LLM-assisted methods attach natural-language names to features without ensuring that those definitions are reproducible or distinct from the target label. We propose an operational criterion for interpretable discriminative text representations: each coordinate should satisfy conceptual clarity, measured by chance-adjusted agreement b"
377e9b1afdb4a695b30a773484a9eb47a7e156d0,The Search for Agreement on Logical Fallacy Annotation of an Infodemic,2022,International Conference on Language Resources and Evaluation,12,,10.63317/5gb8kpsn5ha2,JournalArticle,"Austin Blodgett, Taylor Hudson, S. Lukin et al.","We evaluate an annotation schema for labeling logical fallacy types, originally developed for a crowd-sourcing annotation paradigm, now using an annotation paradigm of two trained linguist annotators. We apply the schema to a variety of different genres of text relating to the COVID-19 pandemic. Our linguist (as opposed to crowd-sourced) annotation of logical fallacies allows us to evaluate whether the annotation schema category labels are sufficiently clear and non-overlapping for both manual and, later, system assignment. We report inter-annotator agreement results over two annotation phases"
27b43aff0969cef39bb229960e4d0ec2d81787b5,ChatGPT takes the FCPS exam in Internal Medicine,2024,medRxiv,1,,10.1101/2024.06.11.24308808,,"H. Qazi, S. Ahsan, M. Irfan et al.","Large language models (LLMs) have exhibited remarkable proficiency in clinical knowledge, encompassing diagnostic medicine, and have been tested on questions related to medical licensing examinations. ChatGPT has recently gained popularity because of its ability to generate human-like responses when presented with exam questions. It has been tested on multiple undergraduate and subspecialty exams and the results have been mixed. We aim to test ChatGPT on questions mirroring the standards of the FCPS exam, the highest medical qualification in Pakistan. We used 111 randomly chosen MCQs of intern"
6cdd0960be58c7adbf70b024a8104267a91d52a4,FG-MDM: Towards Zero-Shot Human Motion Generation via ChatGPT-Refined Descriptions,2023,,5,2312.02772,,,"Xu Shi, Chuanchen Luo, Junran Peng et al.","Recently, significant progress has been made in text-based motion generation, enabling the generation of diverse and high-quality human motions that conform to textual descriptions. However, generating motions beyond the distribution of original datasets remains challenging, i.e., zero-shot generation. By adopting a divide-and-conquer strategy, we propose a new framework named Fine-Grained Human Motion Diffusion Model (FG-MDM) for zero-shot human motion generation. Specifically, we first parse previous vague textual annotations into fine-grained descriptions of different body parts by leveragi"
9a9a04d8d7fd1f0ff2d8ea8b0d10d51c3551bf20,Biased by Design? Evaluating Bias and Behavioral Diversity in LLM Annotation of Real-World and Synthetic Hotel Reviews,2025,Applied Informatics,8,,10.3390/ai6080178,JournalArticle;Review,"Maria C. Voutsa, Nicolas Tsapatsoulis, Constantinos Djouvas","As large language models (LLMs) gain traction among researchers and practitioners, particularly in digital marketing for tasks such as customer feedback analysis and automated communication, concerns remain about the reliability and consistency of their outputs. This study investigates annotation bias in LLMs by comparing human and AI-generated annotation labels across sentiment, topic, and aspect dimensions in hotel booking reviews. Using the HRAST dataset, which includes 23,114 real user-generated review sentences and a synthetically generated corpus of 2000 LLM-authored sentences, we evalua"
ee0aa59389230bf9b49073cbc67e739dc4497ca2,Methodological insights into ChatGPT’s screening performance in systematic reviews,2024,BMC Medical Research Methodology,53,,10.1186/s12874-024-02203-8,JournalArticle;Review,"Mahbod Issaiy, Hossein Ghanaati, S. Kolahi et al.","Background The screening process for systematic reviews and meta-analyses in medical research is a labor-intensive and time-consuming task. While machine learning and deep learning have been applied to facilitate this process, these methods often require training data and user annotation. This study aims to assess the efficacy of ChatGPT, a large language model based on the Generative Pretrained Transformers (GPT) architecture, in automating the screening process for systematic reviews in radiology without the need for training data. Methods A prospective simulation study was conducted between"
de4b8c73a04887d4820b2ce0f65058f1b732bc3d,The accuracy of large language models in labelling neurosurgical 'case-control studies and risk of bias assessment: protocol for a study of interrater agreement with human reviewers.,2024,medRxiv,0,,10.1101/2024.08.11.24311830,Review,"Joanne Igoli, T. Osunronbi, O. Olukoya et al.","Introduction: Accurate identification of study designs and risk of bias (RoB) assessment is crucial for evidence synthesis in research. However, mislabelling of case-control studies (CCS) is prevalent, leading to a downgraded quality of evidence. Large Language Models (LLMs), a form of artificial intelligence, have shown impressive performance in various medical tasks. Still, their utility and application in categorising study designs and assessing RoB needs to be further explored. This study will evaluate the performance of four publicly available LLMs (ChatGPT-3.5, ChatGPT-4, Claude 3 Sonnet"
375c3264a52e768ffb59229c66b378161c4ba8fd,Harnessing ChatGPT and GPT-4 for evaluating the rheumatology questions of the Spanish access exam to specialized medical training,2023,medRxiv,63,,10.1101/2023.07.21.23292821,JournalArticle,"Alfredo Madrid-García, Z. Rosales-Rosado, Dalifer Freites-Núñez et al.","The emergence of large language models (LLM) with remarkable performance such as ChatGPT and GPT-4, has led to an unprecedented uptake in the population. One of their most promising and studied applications concerns education due to their ability to understand and generate human-like text, creating a multitude of opportunities for enhancing educational practices and outcomes. The objective of this study is twofold: to assess the accuracy of ChatGPT/GPT-4 in answering rheumatology questions from the access exam to specialized medical training in Spain (MIR), and to evaluate the medical reasonin"
75cc1835df96173ee250756de95b48efcc7f2e09,Towards Consistent Detection of Cognitive Distortions: LLM-Based Annotation and Dataset-Agnostic Evaluation,2025,arXiv.org,1,2511.01482,10.63317/4joqxtgdgxq2,JournalArticle,"Neha Sharma, Navneet Agarwal, Kairit Sirts","Text-based automated Cognitive Distortion detection is a challenging task due to its subjective nature, with low agreement scores observed even among expert human annotators, leading to unreliable annotations. We explore the use of Large Language Models (LLMs) as consistent and reliable annotators, and propose that multiple independent LLM runs can reveal stable labeling patterns despite the inherent subjectivity of the task. Furthermore, to fairly compare models trained on datasets with different characteristics, we introduce a dataset-agnostic evaluation framework using Cohen's kappa as an e"
731096b933556362dfdc1c3ebd7691292d8634cb,Assessing the potential of using large language models for pragmatic annotation of historical texts,2025,Journal of Historical Pragmatics,0,,10.1075/jhp.25011.hua,JournalArticle,"Ding Huang, Jiajin Xu, Yingming Song et al.","
 
 This study investigates the viability of using large language models (
 llm
 s) to conduct pragmatic
 annotations of historical texts. The investigation employs a small corpus of witness depositions and compares Claude 3.5 Sonnet —
 an
 llm
 that excels in reasoning over text — with two human annotators over their performance in the pragmatic annotation
 of Early Modern English (
 em
 od
 e
 ) texts. The study also compares the model’s annotations on modernised and
 original versions of the corpus to explore if
 em
 od
 e
 spelling variations affect its performance. The results
 revealed t"
80132ccacf5d391dc138323cc328e607fe0b1314,Subjectivity in Diplomatic Discourse: a double annotation analysis,2025,Baltic Journal of English Language Literature and Culture,0,,10.22364/bjellc.15.2025.01,JournalArticle,"Mariia Anisimova, Šárka Zikánová","Although diplomatic texts are undeniably evaluative, linguists have yet to figure out the main features of diplomatic attitudes. One of the main problems in such an evaluation is the absence of specific criteria and guidelines for corpus analysis. We have aimed to describe the typical problems that arise when assessing appraisal (Martin and White, 2005) in diplomatic speeches. Our approach is based on a double annotation experiment on selected diplomatic speeches. The experiment was completed according to extensive guidelines we developed earlier (Anisimova and Zikánová, 2024), allowing for a "
069bf3b75c7cdb44d64b120e141bebcc1103b645,Enhancing Ground Truth Creation for IR Through Web-Based Collaborative Annotation,2025,Italian Information Retrieval Workshop,0,,,JournalArticle,"Ornella Irrera, Stefano Marchesin, Gianmaria Silvello",
0e360fae7dc4ae3691ecd1c0e3568a2ae490ba92,Performance of ChatGPT in Diagnosis of Corneal Eye Diseases,2023,medRxiv,44,,10.1101/2023.08.25.23294635,,"Mohammad Delsoz, Y. Madadi, Wuqaas M. Munir et al.","ABSTRACT Introduction: Assessing the capabilities of ChatGPT-4.0 and ChatGPT-3.5 for diagnosing corneal eye diseases based on case reports and compare with human experts. Methods: We randomly selected 20 cases of corneal diseases including corneal infections, dystrophies, degenerations, and injuries from a publicly accessible online database from the University of Iowa. We then input the text of each case description into ChatGPT-4.0 and ChatGPT3.5 and asked for a provisional diagnosis. We finally evaluated the responses based on the correct diagnoses then compared with the diagnoses of three "
0c22294c5fb05d4f52f87a9766a21a29524027c3,Efficacy of ChatGPT in Cantonese Sentiment Analysis: Comparative Study,2023,Journal of Medical Internet Research,33,,10.2196/51069,JournalArticle,"Ziru Fu, Y. Hsu, C. Chan et al.","Background Sentiment analysis is a significant yet difficult task in natural language processing. The linguistic peculiarities of Cantonese, including its high similarity with Standard Chinese, its grammatical and lexical uniqueness, and its colloquialism and multilingualism, make it different from other languages and pose additional challenges to sentiment analysis. Recent advances in models such as ChatGPT offer potential viable solutions. Objective This study investigated the efficacy of GPT-3.5 and GPT-4 in Cantonese sentiment analysis in the context of web-based counseling and compared th"
5b3cfb3b5908fb44b47a87f52418bebcfc0d7056,Assessment of ChatGPT performance in orbital MRI reporting with multimetric evaluation of transformer based language models,2025,Scientific Reports,1,,10.1038/s41598-025-19669-1,JournalArticle,"A. Tel, F. Bolognesi, Luca Michelutti et al.","Transformer-based large language models (LLMs), such as ChatGPT-4, are increasingly used to streamline clinical practice, of which radiology reporting is a prominent aspect. However, their performance in interpreting complex anatomical regions from MRI data remains largely unexplored. This study investigates the capability of ChatGPT-4 to produce clinically reliable reports based on orbital MR images, applying a multimetric, quantitative evaluation framework in 25 patients with orbital lesions. Due to inherent limitations of current version of GPT-4, the model was not fed with MR volumetric da"
9692caebb2bfa4a6536bc452b960e6e5b1ffdaf4,Using Large Language Models to Support Content Analysis: A Case Study of ChatGPT for Adverse Event Detection,2023,Journal of Medical Internet Research,22,,10.2196/52499,JournalArticle,"E. Leas, John W. Ayers, Nimit Desai et al.","This study explores the potential of using large language models to assist content analysis by conducting a case study to identify adverse events (AEs) in social media posts. The case study compares ChatGPT’s performance with human annotators’ in detecting AEs associated with delta-8-tetrahydrocannabinol, a cannabis-derived product. Using the identical instructions given to human annotators, ChatGPT closely approximated human results, with a high degree of agreement noted: 94.4% (9436/10,000) for any AE detection (Fleiss κ=0.95) and 99.3% (9931/10,000) for serious AEs (κ=0.96). These findings "
7307ee3c819c34b7c93ccbbd330a4c889956b36f,Unraveling ChatGPT: A Critical Analysis of AI-Generated Goal-Oriented Dialogues and Annotations,2023,International Conference of the Italian Association for Artificial Intelligence,26,2305.14556,10.48550/arXiv.2305.14556,JournalArticle,"Tiziano Labruna, Sofia Brenna, Andrea Zaninello et al.","Large pre-trained language models have exhibited unprecedented capabilities in producing high-quality text via prompting techniques. This fact introduces new possibilities for data collection and annotation, particularly in situations where such data is scarce, complex to gather, expensive, or even sensitive. In this paper, we explore the potential of these models to generate and annotate goal-oriented dialogues, and conduct an in-depth analysis to evaluate their quality. Our experiments employ ChatGPT, and encompass three categories of goal-oriented dialogues (task-oriented, collaborative, an"
832e6c260f5742b3e950f69245445e14e216136e,Can ChatGPT effectively generate abstracts in orthopedic surgery? A comparative analysis between human-written and ChatGPT-generated scientific abstracts.,2026,Postgraduate medical journal,0,,10.1093/postmj/qgag018,JournalArticle;Review,"H. Kim, Jin-sup Yoon, Tae Sik Goh et al.",
2616e0181cb92b478dc0f3732892a027a1d326b4,MedVR: Annotation-Free Medical Visual Reasoning via Agentic Reinforcement Learning,2026,,5,2604.08203,,,"Zhengayuan Jiang, Heng Guo, Chen Fang et al.","Medical Vision-Language Models (VLMs) hold immense promise for complex clinical tasks, but their reasoning capabilities are often constrained by text-only paradigms that fail to ground inferences in visual evidence. This limitation not only curtails performance on tasks requiring fine-grained visual analysis but also introduces risks of visual hallucination in safety-critical applications. Thus, we introduce MedVR, a novel reinforcement learning framework that enables annotation-free visual reasoning for medical VLMs. Its core innovation lies in two synergistic mechanisms: Entropy-guided Visua"
95c4bce6f23bd237926be8d27bc63753dacc2b7a,Reliability of ChatGPT for performing triage task in the emergency department using the Korean Triage and Acuity Scale,2024,Digital Health,38,,10.1177/20552076241227132,JournalArticle,"Jae Hyuk Kim, Sun Kyung Kim, Jongmyung Choi et al.",Background Artificial intelligence (AI) technology can enable more efficient decision-making in healthcare settings. There is a growing interest in improving the speed and accuracy of AI systems in providing responses for given tasks in healthcare settings. Objective This study aimed to assess the reliability of ChatGPT in determining emergency department (ED) triage accuracy using the Korean Triage and Acuity Scale (KTAS). Methods Two hundred and two virtual patient cases were built. The gold standard triage classification for each case was established by an experienced ED physician. Three ot
ff682aa9dd638374dc085f8b28eac32d4bc0adc1,A GPT among Annotators: LLM-based Entity-Level Sentiment Annotation,2024,Law,10,,10.18653/v1/2024.law-1.13,,"Egil Rønningstad, Erik Velldal, Lilja Øvrelid","We investigate annotator variation for the novel task of Entity-Level Sentiment Analysis (ELSA) which annotates the aggregated sentiment directed towards volitional entities in a text. More specifically, we analyze the annotations of a newly constructed Norwegian ELSA dataset and release additional data with each annotator’s labels for the 247 entities in the dataset’s test split. We also perform a number of experiments prompting ChatGPT for these sentiment labels regarding each entity in the text and compare the generated annotations with the human labels. Cohen’s Kappa for agreement between "
79708459373a1550df4ca984844bbf877815731a,Translation Strategies for AI Agreements from the Perspective of Functional Equivalence: A Case Study of ChatGPT,2025,Studies in English Language Teaching,0,,10.22158/selt.v13n4p132,JournalArticle,Zhiyan Zhu,"This research aims to deeply explore the translation strategies of artificial intelligence agreement texts from the perspective of functional equivalence, and conducts a detailed case analysis with ChatGPT as the research object. With the increasing global AI cooperation, such as OpenAI's API partnerships, the demand for AI agreement translation has increased sharply, but there are still many challenges in achieving accuracy and functional equivalence in the translation process. The research comprehensively uses the literature research method and case analysis method to deeply analyze the tran"
014fc54abe4f86b6757b72cf6d9253a9e937bad8,Identifying and quantifying literary intimacy with ChatGPT: a computational reading of Great Expectations,2025,Humanities and Social Sciences Communications,0,,10.1057/s41599-025-05847-z,JournalArticle,"Ling Jiang, Mohamad Rashidi Mohd Pakri",
948b8103635832f91a348632ec88b03f177a928c,Performance of ChatGPT in Diagnosis of Corneal Eye Diseases,2024,Cornea,30,,10.1097/ICO.0000000000003492,JournalArticle,"Mohmmad Delsoz, Y. Madadi, Hina Raja et al.","Purpose: The aim of this study was to assess the capabilities of ChatGPT-4.0 and ChatGPT-3.5 for diagnosing corneal eye diseases based on case reports and compare with human experts. Methods: We randomly selected 20 cases of corneal diseases including corneal infections, dystrophies, and degenerations from a publicly accessible online database from the University of Iowa. We then input the text of each case description into ChatGPT-4.0 and ChatGPT-3.5 and asked for a provisional diagnosis. We finally evaluated the responses based on the correct diagnoses, compared them with the diagnoses made "
482a274a17efcb2f1abdc7fbac4507afc114f16a,Advancing Annotation of Stance in Social Media Posts: A Comparative Analysis of Large Language Models and Crowd Sourcing,2024,arXiv.org,5,2406.07483,10.48550/arXiv.2406.07483,JournalArticle,"Mao Li, Frederick Conrad","In the rapidly evolving landscape of Natural Language Processing (NLP), the use of Large Language Models (LLMs) for automated text annotation in social media posts has garnered significant interest. Despite the impressive innovations in developing LLMs like ChatGPT, their efficacy, and accuracy as annotation tools are not well understood. In this paper, we analyze the performance of eight open-source and proprietary LLMs for annotating the stance expressed in social media posts, benchmarking their performance against human annotators' (i.e., crowd-sourced) judgments. Additionally, we investiga"
051c05bd74ca12ad8a5cf839451c8ee0ea916b95,Ranking Generated Answers - On the Agreement of Retrieval Models with Humans on Consumer Health Questions,2025,European Conference on Information Retrieval,0,,10.1007/978-3-031-88714-7_10,JournalArticle;Conference,"Sebastian Heineking, Jonas Probst, Daniel Steinbach et al.",
b6ab52e917dd89b9fb8f272adf16d15751a4d85b,Developing ChatGPT for biology and medicine: a complete review of biomedical question answering,2024,Biophysics Reports,25,2401.07510,10.52601/bpr.2024.240004,JournalArticle;Review,"Qing Li, Lei Li, Yu Li","ChatGPT explores a strategic blueprint of question answering (QA) to deliver medical diagnoses, treatment recommendations, and other healthcare support. This is achieved through the increasing incorporation of medical domain data via natural language processing (NLP) and multimodal paradigms. By transitioning the distribution of text, images, videos, and other modalities from the general domain to the medical domain, these techniques have accelerated the progress of medical domain question answering (MDQA). They bridge the gap between human natural language and sophisticated medical domain kno"
40f3aaf33ffd2c6687e405cffdb08f2dcc1f8ce4,ChatGPT Rates Natural Language Explanation Quality like Humans: But on Which Scales?,2024,International Conference on Language Resources and Evaluation,23,2403.17368,10.48550/arXiv.2403.17368,JournalArticle,"Fan Huang, Haewoon Kwak, Kunwoo Park et al.","As AI becomes more integral in our lives, the need for transparency and responsibility grows. While natural language explanations (NLEs) are vital for clarifying the reasoning behind AI decisions, evaluating them through human judgments is complex and resource-intensive due to subjectivity and the need for fine-grained ratings. This study explores the alignment between ChatGPT and human assessments across multiple scales (i.e., binary, ternary, and 7-Likert scale). We sample 300 data instances from three NLE datasets and collect 900 human annotations for both informativeness and clarity scores"
bfa7c0f0d4a57f8c8052160a91727c87d591d5ca,Labeling Free-text Data using Language Model Ensembles,2025,,5,2501.08413,,,"Jiaxing Qiu, Dongliang Guo, N. Papini et al.","Free-text responses are commonly collected in psychological studies, providing rich qualitative insights that quantitative measures may not capture. Labeling curated topics of research interest in free-text data by multiple trained human coders is typically labor-intensive and time-consuming. Though large language models (LLMs) excel in language processing, LLM-assisted labeling techniques relying on closed-source LLMs cannot be directly applied to free-text data, without explicit consent for external use. In this study, we propose a framework of assembling locally-deployable LLMs to enhance t"
dc7677b3206b891c01129898f31f4faa0b860e3a,ChatGPT Is Moderately Accurate in Providing a General Overview of Orthopaedic Conditions,2024,JB & JS open access,22,,10.2106/JBJS.OA.23.00129,JournalArticle;Review,"Chandler A. Sparks, Sydney M. Fasulo, Jordan T. Windsor et al.","Background: ChatGPT is an artificial intelligence chatbot capable of providing human-like responses for virtually every possible inquiry. This advancement has provoked public interest regarding the use of ChatGPT, including in health care. The purpose of the present study was to investigate the quantity and accuracy of ChatGPT outputs for general patient-focused inquiries regarding 40 orthopaedic conditions. Methods: For each of the 40 conditions, ChatGPT (GPT-3.5) was prompted with the text “I have been diagnosed with [condition]. Can you tell me more about it?” The numbers of treatment optio"
014890c9507c7632408802218659f62e779167a5,Ethical Concerns About ChatGPT in Healthcare: A Useful Tool or the Tombstone of Original and Reflective Thinking?,2024,Cureus,21,,10.7759/cureus.54759,Review;JournalArticle,"Marina Z Kapsali, Efstratios Livanis, C. Tsalikidis et al.","Artificial intelligence (AI), the uprising technology of computer science aiming to create digital systems with human behavior and intelligence, seems to have invaded almost every field of modern life. Launched in November 2022, ChatGPT (Chat Generative Pre-trained Transformer) is a textual AI application capable of creating human-like responses characterized by original language and high coherence. Although AI-based language models have demonstrated impressive capabilities in healthcare, ChatGPT has received controversial annotations from the scientific and academic communities. This chatbot "
5bc4d449408401198ebe35227978f2d9d84c3b47,Codebook-Injected Dialogue Segmentation for Multi-Utterance Constructs Annotation: LLM-Assisted and Gold-Label-Free Evaluation,2026,arXiv.org,0,2601.12061,10.48550/arXiv.2601.12061,JournalArticle,"Jinsook Lee, Kirk P. Vanacore, Zhuqian Zhou et al.","Dialogue Act (DA) annotation typically treats communicative or pedagogical intent as localized to individual utterances or turns. This leads annotators to agree on the underlying action while disagreeing on segment boundaries, reducing apparent reliability. We propose codebook-injected segmentation, which conditions boundary decisions on downstream annotation criteria, and evaluate LLM-based segmenters against standard and retrieval-augmented baselines. To assess these without gold labels, we introduce evaluation metrics for span consistency, distinctiveness, and human-AI distributional agreem"
9d6207c90db23163e0f5e08316f8224737ceef1a,Generative pre-trained transformer 4o (GPT-4o) in solving text-based multiple response questions for European Diploma in Radiology (EDiR): a comparative study with radiologists,2025,Insights into Imaging,4,,10.1186/s13244-025-01941-7,JournalArticle;Review,"Jakub Pristoupil, Laura Oleaga, Vanesa Junquero et al.","This study aims to assess the accuracy of generative pre-trained transformer 4o (GPT-4o) in answering multiple response questions from the European Diploma in Radiology (EDiR) examination, comparing its performance to that of human candidates. Results from 42 EDiR candidates across Europe were compared to those from 26 fourth-year medical students who answered exclusively using the ChatGPT-4o in a prospective study (October 2024). The challenge consisted of 52 recall or understanding-based EDiR multiple-response questions, all without visual inputs. The GPT-4o achieved a mean score of 82.1 ± 3"
b4ef1d45a3a2b542e1a53801b7a8983be02f0917,Model-Contingent Polarity Bias in Large Language Model Annotation: Implications for Semantic Multimedia Personalization,2026,Computers,0,,10.3390/computers15050262,JournalArticle;Review,"Constantinos Djouvas, Christiana Andreou, Maria C. Voutsa et al.","Large Language Models (LLMs) are increasingly deployed as automated annotators in semantic multimedia systems, yet their reliability varies significantly across architectures. This study extends prior cross-model evaluations by benchmarking ChatGPT-5, Qwen-3, and Gemini-3-flash against human expert annotations using the HRAST hotel review dataset. We adopt a bias-by-design framework to analyze systematic divergences in sentiment, topic, and aspect labeling across real and synthetic data, while investigating the moderating effects of annotation mode. Findings reveal model-contingent polarity bi"
be05235f15184c072bb41760afce314394beb8ea,MultiSoc-4D: A Benchmark for Diagnosing Instruction-Induced Label Collapse in Closed-Set LLM Annotation of Bengali Social Media,2026,,0,2605.06940,,,"Souvik Pramanik, S. Riaz, Rahman Antu et al.","Annotation automation via Large Language Models (LLMs) is the core approach for scaling NLP datasets; however, LLM behavior with respect to closed-set instructions in low-resource languages has not been well studied. We present MultiSoc-4D, a Bengali social media dataset benchmark, which contains 58K+ social media comments from six sources annotated along four dimensions: category, sentiment, hate speech, and sarcasm. By employing a structured pipeline where ChatGPT, Gemini, Claude, and Grok individually annotate separate partitions, while sharing a common validation set of 20%, we diagnose LL"
3fa5a6769b9156e3e1a814de5aa5a6c942f50095,The Intersection of AI and Language Assessment: A Study on the Reliability of ChatGPT in Grading IELTS Writing Task 2,2024,Language Teaching Research Quarterly,17,,10.32038/ltrq.2024.43.02,JournalArticle,Osama Koraishi,"This study conducts a comprehensive quantitative evaluation of OpenAI's language model, ChatGPT 4, for grading Task 2 writing of the IELTS exam. The objective is to assess the alignment between ChatGPT's grading and that of official human raters. The analysis encompassed a multifaceted approach, including a comparison of means and reliability measures such as Cohen's weighted kappa and intraclass correlation. The results revealed a high agreement in means and substantial reliability between the two grading methods on the level of the majority of texts. However, individual discrepancies and out"
8c5b2e661cfae17a350206658e76f5e7972880bd,Leveraging deep active learning to annotate the first public dataset for identification of mobility functioning information in clinical text,2025,2025 IEEE EMBS International Conference on Biomedical and Health Informatics (BHI),0,,10.1109/BHI67747.2025.11269485,Conference,"Tuan-Dung Le, Zhuqi Miao, Samuel Alvarado et al.","Function is increasingly recognized as an important indicator of whole-person health, although it receives little attention in clinical natural language processing research. We introduce the first public annotated dataset specifically on the Mobility domain of the International Classification of Functioning, Disability and Health (ICF), aiming to facilitate automatic extraction and analysis of functioning information from free-text clinical notes. We utilize the National NLP Clinical Challenges (n2c2) research dataset to construct a pool of candidate sentences using keyword expansion. Our acti"
64aa50e16a32aaf2702d92cddd3e3f91ea4fe7e1,VeriFact: Verifying Facts in LLM-Generated Clinical Text with Electronic Health Records,2025,arXiv.org,18,2501.16672,10.48550/arXiv.2501.16672,JournalArticle,"Philip Chung, Akshay Swaminathan, Alex J. Goodell et al.","Methods to ensure factual accuracy of text generated by large language models (LLM) in clinical medicine are lacking. VeriFact is an artificial intelligence system that combines retrieval-augmented generation and LLM-as-a-Judge to verify whether LLM-generated text is factually supported by a patient's medical history based on their electronic health record (EHR). To evaluate this system, we introduce VeriFact-BHC, a new dataset that decomposes Brief Hospital Course narratives from discharge summaries into a set of simple statements with clinician annotations for whether each statement is suppo"
62cafabe8a03c0c801f4bf2e072e3d037b906e5d,A comparative evaluation of large language models for simplifying prostate cancer pathology reports: ChatGPT and Gemini.,2026,International Journal of Surgery,0,,10.1097/JS9.0000000000004454,JournalArticle,"Haoyang Zeng, Yangguang Yuan, Xiang Wu et al.","OBJECTIVES
To evaluate the application value of three ChatGPT versions and Gemini in pathology report simplification tasks for prostate cancer.


METHODS
This retrospective study assessed GPT-3.5, GPT-4.0, GPT-4o, and Gemini on pathology reports from 228 prostate cancer patients across two institutions. Data were split into internal (center 1, n = 171) and external (center 2, n = 57) cohorts. Using specific prompts, models generated simplified texts. The evaluation of outputs included three main dimensions: (1) human scoring by patients, clinicians, and pathologists; (2) readability scores; an"
0975932f0e9c2bf89fc857794f4696f0cc5640ae,Beyond black‐box AI: Comparing ChatGPT‐4 interpretability and accuracy to CNNs in melanocytic lesions diagnosis,2026,Journal der Deutschen Dermatologischen Gesellschaft,0,,10.1111/ddg.70039,JournalArticle,"O. Reiter, C. Navarrete-Dechent, Mor Atlas et al.","
 
 
 Artificial intelligence (AI) algorithms have advanced and recently shown high accuracy in diagnosing skin cancer from dermoscopic images. This study compared the diagnostic performance of the large language model ChatGPT‐4 with that of specialized convolutional neural network (CNN)‐based models in analyzing melanocytic lesions.
 
 
 
 A cross‐sectional comparative study was conducted using 117 dermoscopic images. The performance of ChatGPT‐4 was assessed under two conditions: diagnosing lesions directly without annotations and diagnosing after annotating dermoscopic features. Results wer"
982d7566abbccc66abdfae2c3c81923184e14556,Artificial Intelligence (AI) in rheumatology: a comparative evaluation of the ChatGPT and DeepSeek application,2026,BMC Rheumatology,0,,10.1186/s41927-026-00618-y,JournalArticle,"Maria Polyzou, Xenofon Baraliakos","The continuous increase in Artificial Intelligence (AI) applications in various areas of human life has brought about great changes in many sciences, among which is the health sector. ChatGPT and DeepSeek belong to the category of Large Language Models (LLMs) developed by Artificial Intelligence (AI) using supervised and reinforcement learning techniques. The aim of this article is to evaluate the accuracy and consistency of ChatGPT and DeepSeek models in the diagnosis and treatment of two rheumatologic diseases, ankylosing spondylitis (axSpA) and psoriatic arthritis (PsA). Both ChatGPT and th"
ee9ac81a37f4c109d34c453178f9482492614fdd,Prompting large language models and evaluating inter- and intra-rater agreement for cancer progression assessment from radiology reports,2026,ESMO real world data and digital oncology,0,,10.1016/j.esmorw.2026.100689,JournalArticle,"T. Kristjánsson, A. Henriksen, M. L. Hansen et al.","Background Manual annotation of free-text radiology reports is time-consuming and costly, delaying real-world evidence (RWE) studies in oncology. This study aimed to evaluate the performance of large language models (LLMs) in annotating cancer progression from Danish free-text radiology reports. The objectives were to determine whether human-to-LLM inter-rater agreement was non-inferior to human-to-human agreement, establish human intra-rater agreement, and develop a framework for tuning LLM performance to RWE needs. Materials and methods We identified 376 radiology reports from 184 patients w"
80ef061a79656d22b3b4a8969baa6d5f6e7807c7,ATGen: A Framework for Active Text Generation,2025,Annual Meeting of the Association for Computational Linguistics,0,2506.23342,10.48550/arXiv.2506.23342,JournalArticle;Conference,"A. Tsvigun, Daniil Vasilev, Ivan Tsvigun et al.","Active learning (AL) has demonstrated remarkable potential in reducing the annotation effort required for training machine learning models. However, despite the surging popularity of natural language generation (NLG) tasks in recent years, the application of AL to NLG has been limited. In this paper, we introduce Active Text Generation (ATGen) - a comprehensive framework that bridges AL with text generation tasks, enabling the application of state-of-the-art AL strategies to NLG. Our framework simplifies AL-empowered annotation in NLG tasks using both human annotators and automatic annotation "
0596a6dd2bdf24809a897e5e101c15f694861a0f,Banning of ChatGPT from Educational Spaces: A Reddit Perspective,2023,NLP4DH,3,,,,Nicole Miu Takagi,
e56114e0849a693640cb6bce7f2bc315b7d9a60d,LLM Teacher-Student Framework for Text Classification With No Manually Annotated Data: A Case Study in IPTC News Topic Classification,2024,IEEE Access,17,2411.19638,10.1109/ACCESS.2025.3544814,JournalArticle,"Taja Kuzman, Nikola Ljubešić","With the ever-increasing number of news stories available online, classifying them by topic, regardless of the language they are written in, has become crucial for enhancing readers’ access to relevant content. To address this challenge, we propose a teacher-student framework based on large language models (LLMs) for developing multilingual news topic classification models of reasonable size with no need for manual data annotation. The framework employs a Generative Pretrained Transformer (GPT) model as the teacher model to develop a news topic training dataset through automatic annotation of "
d218e8c021b191e855e049c1d30522f476e14d8d,Understanding the low inter-rater agreement on aggressiveness on the Linux Kernel Mailing List,2025,Journal of Systems and Software,1,,10.1016/j.jss.2025.112339,JournalArticle,"Thomas Bock, Niklas Schneider, Angelika Schmid et al.","Communication among software developers plays an essential role in open-source software (OSS) projects. Not unexpectedly, previous studies have shown that the conversational tone and, in particular, aggressiveness influence the participation of developers in OSS projects. Therefore, we aimed at studying aggressive communication behavior on the Linux Kernel Mailing List (LKML), which is known for aggressive e-mails of some of its contributors. To that aim, we attempted to assess the extent of aggressiveness of 720 e-mails from the LKML with a human annotation study, involving multiple annotator"
36e97e36781601f2e8f0d7a89b663bd0ef622579,PubMind: Literature-Based Genetic Variant Extraction and Functional Annotation Using Large Language Models,2025,bioRxiv,0,,10.1101/2025.10.13.682183,Review,"Peng Wang, Kai Wang",
4ff44ae6c0792d1d43ea81ce9ccbef199966097d,Comparative Analysis of Reddit Posts and ChatGPT-Generated Texts’ Linguistic Features: A Short Report on Artificial Intelligence’s Imitative Capabilities,2024,International Journal of Multidisciplinary Applied Business and Education Research,2,,10.11594/ijmaber.05.09.06,JournalArticle,"Erika Kristine E. Arcenal, Licca Pauleen V. Capistrano, Marielle Jessie D. De Guzman et al.","In recent years, the unprecedented explosion of artificial intelligence (AI), particularly generative AI, has dramatically and drastically altered many human fields, posing queries about how generative AI can imitate human language. Given the newness of generative AI as a controversial phenomenon, there is an urgency to closely examine how its linguistic outputs could mimic human language produced in natural contexts. Hence, in this short report, we discuss the observed similarities and differences in the linguistic features of the subreddit r/Marriage spouse appreciatory posts and ChatGPT-4 o"
a44b237b93664d32d09dae6c5de8d9b88e0f01a2,A critical assessment of using ChatGPT for extracting structured data from clinical notes,2024,npj Digital Medicine,236,,10.1038/s41746-024-01079-8,JournalArticle,"Jingwei Huang, Donghan M. Yang, Ruichen Rong et al.","Existing natural language processing (NLP) methods to convert free-text clinical notes into structured data often require problem-specific annotations and model training. This study aims to evaluate ChatGPT’s capacity to extract information from free-text medical notes efficiently and comprehensively. We developed a large language model (LLM)-based workflow, utilizing systems engineering methodology and spiral “prompt engineering” process, leveraging OpenAI’s API for batch querying ChatGPT. We evaluated the effectiveness of this method using a dataset of more than 1000 lung cancer pathology re"
40041a7a38f29fcb1453c3f6b0ee9295f22eebed,The Efficacy of Large Language Models and Crowd Annotation for Accurate Content Analysis of Political Social Media Messages,2025,Social science computer review,3,,10.1177/08944393251334977,JournalArticle,"Jennifer Stromer-Galley, Brian McKernan, Saklain Zaman et al.","Systematic content analysis of messaging has been a staple method in the study of communication. While computer-assisted content analysis has been used in the field for three decades, advances in machine learning and crowd-based annotation combined with the ease of collecting volumes of text-based communication via social media have made the opportunities for classification of messages easier and faster. The greatest advancement yet might be in the form of general intelligence large language models (LLMs), which are ostensibly able to accurately and reliably classify messages by leveraging con"
