title,year,venue,cited_by,type,arxiv,doi,authors,abstract,topical
A survey on large language model based autonomous agents,2024,Frontiers of Computer Science,1083,article,,10.1007/s11704-024-40231-1,"Lei Wang, Chen Ma, Xueyang Feng et al.","Abstract Autonomous agents have long been a research focus in academic and industry communities. Previous research often focuses on training agents with limited knowledge within isolated environments, which diverges significantly from human learning processes, and makes the agents hard to achieve human-like decisions. Recently, through the acquisition of vast amounts of Web knowledge, large language models (LLMs) have shown potential in human-level intelligence, leading to a surge in research on",True
ChatGPT outperforms crowd workers for text-annotation tasks,2023,Proceedings of the National Academy of Sciences,900,article,,10.1073/pnas.2305016120,"Fabrizio Gilardi, Meysam Alizadeh, Maël Kubli","Many NLP applications require manual text annotations for a variety of tasks, notably to train classifiers or evaluate the performance of unsupervised models. Depending on the size and degree of complexity, the tasks may be conducted by crowd workers on platforms such as MTurk as well as trained annotators, such as research assistants. Using four samples of tweets and news articles ( n = 6,183), we show that ChatGPT outperforms crowd workers for several annotation tasks, including relevance, sta",True
The AI generation gap: Are Gen Z students more interested in adopting generative AI such as ChatGPT in teaching and learning than their Gen X and millennial generation teachers?,2023,Smart Learning Environments,500,article,,10.1186/s40561-023-00269-3,"Cecilia Ka Yuk Chan, Katherine K. W. Lee","Abstract This study aimed to explore the experiences, perceptions, knowledge, concerns, and intentions of Generation Z (Gen Z) students with Generation X (Gen X) and Generation Y (Gen Y) teachers regarding the use of generative AI (GenAI) in higher education. A sample of students and teachers were recruited to investigate the above using a survey consisting of both open and closed questions. The findings showed that Gen Z participants were generally optimistic about the potential benefits of Gen",True
"A Survey on ChatGPT: AI–Generated Contents, Challenges, and Solutions",2023,IEEE Open Journal of the Computer Society,318,article,,10.1109/ojcs.2023.3300321,"Yuntao Wang, Yanghe Pan, Miao Yan et al.","With the widespread use of large artificial intelligence (AI) models such as ChatGPT, AI-generated content (AIGC) has garnered increasing attention and is leading a paradigm shift in content creation and knowledge representation. AIGC uses generative large AI algorithms to assist or replace humans in creating massive, high-quality, and human-like content at a faster pace and lower cost, based on user-provided prompts. Despite the recent significant progress in AIGC, security, privacy, ethical, a",True
The Impact of Generative AI on Critical Thinking: Self-Reported Reductions in Cognitive Effort and Confidence Effects From a Survey of Knowledge Workers,2025,,281,article,,10.1145/3706598.3713778,"Hao-Ping Lee, Advait Sarkar, Lev Tankelevitch et al.","The rise of Generative AI (GenAI) in knowledge workflows raises questions about its impact on critical thinking skills and practices.We survey 319 knowledge workers to investigate 1) when and how they perceive the enaction of critical thinking when using GenAI, and 2) when and why GenAI affects their effort to do so.Participants shared 936 first-hand examples of using GenAI in work tasks.Quantitatively, when considering both task-and user-specific factors, a user's task-specific self-confidence ",True
The Rise and Potential of Large Language Model Based Agents: A Survey,2023,arXiv (Cornell University),250,preprint,2309.07864,10.48550/arxiv.2309.07864,"Zhiheng Xi, Wen-Xiang Chen, Xin Guo et al.","For a long time, humanity has pursued artificial intelligence (AI) equivalent to or surpassing the human level, with AI agents considered a promising vehicle for this pursuit. AI agents are artificial entities that sense their environment, make decisions, and take actions. Many efforts have been made to develop intelligent agents, but they mainly focus on advancement in algorithms or training strategies to enhance specific capabilities or performance on particular tasks. Actually, what the commu",True
"A comprehensive survey of ChatGPT: Advancements, applications, prospects, and challenges",2023,Meta-Radiology,234,article,,10.1016/j.metrad.2023.100022,"Anam Nazir, Ze Wang","Large Language Models (LLMs) especially when combined with Generative Pre-trained Transformers (GPT) represent a groundbreaking in natural language processing. In particular, ChatGPT, a state-of-the-art conversational language model with a user-friendly interface, has garnered substantial attention owing to its remarkable capability for generating human-like responses across a variety of conversational scenarios. This survey offers an overview of ChatGPT, delving into its inception, evolution, a",True
A multinational study on the factors influencing university students’ attitudes and usage of ChatGPT,2024,Scientific Reports,231,article,,10.1038/s41598-024-52549-8,"Maram Abdaljaleel, Muna Barakat, Mariam Alsanafi et al.","Artificial intelligence models, like ChatGPT, have the potential to revolutionize higher education when implemented properly. This study aimed to investigate the factors influencing university students' attitudes and usage of ChatGPT in Arab countries. The survey instrument ""TAME-ChatGPT"" was administered to 2240 participants from Iraq, Kuwait, Egypt, Lebanon, and Jordan. Of those, 46.8% heard of ChatGPT, and 52.6% used it before the study. The results indicated that a positive attitude and usag",True
Co-Writing with Opinionated Language Models Affects Users’ Views,2023,,227,preprint,2302.00560,10.1145/3544548.3581196,"Maurice Jakesch, Advait Bhat, Daniel Buschek et al.","If large language models like GPT-3 preferably produce a particular point of view, they may influence people’s opinions on an unknown scale. This study investigates whether a language-model-powered writing assistant that generates some opinions more often than others impacts what users write – and what they think. In an online experiment, we asked participants (N=1,506) to write a post discussing whether social media is good for society. Treatment group participants used a language-model-powered",True
HaluEval: A Large-Scale Hallucination Evaluation Benchmark for Large Language Models,2023,,227,article,,10.18653/v1/2023.emnlp-main.397,"Junyi Li, Xiaoxue Cheng, Xin Zhao et al.","Large language models (LLMs), such as ChatGPT, are prone to generate hallucinations, i.e., content that conflicts with the source or cannot be verified by the factual knowledge. To understand what types of content and to which extent LLMs are apt to hallucinate, we introduce the Hallucination Evaluation for Large Language Models (HaluEval) benchmark, a large collection of generated and human-annotated hallucinated samples for evaluating the performance of LLMs in recognizing hallucination. To ge",True
Future of education in the era of generative artificial intelligence: Consensus among Chinese scholars on applications of ChatGPT in schools,2023,Future in Educational Research,226,article,,10.1002/fer3.10,"Ming Liu, Yiling Ren, Lucy Michael Nyagoga et al.","Abstract ChatGPT is an artificial intelligence chatbot that utilizes advanced natural language processing technologies, including large language models, to produce human‐like responses to user queries spanning a wide range of topics from programming to mathematics. As an emerging generative artificial intelligence (GAI) tool, it presents novel opportunities and challenges to the ongoing digital transformation of education. This article employs a systematic review approach to summarize the viewpo",True
Can Generative AI improve social science?,2024,Proceedings of the National Academy of Sciences,225,article,,10.1073/pnas.2314021121,Christopher A. Bail,"Generative AI that can produce realistic text, images, and other human-like outputs is currently transforming many different industries. Yet it is not yet known how such tools might influence social science research. I argue Generative AI has the potential to improve survey research, online experiments, automated content analyses, agent-based models, and other techniques commonly used to study human behavior. In the second section of this article, I discuss the many limitations of Generative. I ",True
Supporting Qualitative Analysis with Large Language Models: Combining Codebook with GPT-3 for Deductive Coding,2023,,203,preprint,2304.10548,10.1145/3581754.3584136,"Ziang Xiao, Xingdi Yuan, Q. Vera Liao et al.","Qualitative analysis of textual contents unpacks rich and valuable information by assigning labels to the data. However, this process is often labor-intensive, particularly when working with large datasets. While recent AI-based tools demonstrate utility, researchers may not have readily available AI resources and expertise, let alone be challenged by the limited generalizability of those task-specific models. In this study, we explored the use of large language models (LLMs) in supporting deduc",True
Incorporating AI in foreign language education: An investigation into ChatGPT’s effect on foreign language learners,2024,Education and Information Technologies,187,article,,10.1007/s10639-024-12574-6,"Fatih Karataş, Faramarz Yaşar Abedi, Filiz Ozek Gunyel et al.","Abstract ChatGPT, an artificial intelligence application, has emerged as a promising educational tool with a wide range of applications, attracting the attention of researchers and educators. This qualitative case study, chosen for its ability to provide an in-depth exploration of the nuanced effects of AI on the foreign language learning process within its real-world educational context, aimed to utilize ChatGPT in foreign language education, addressing a gap in existing research by offering in",True
Performing an Inductive Thematic Analysis of Semi-Structured Interviews With a Large Language Model: An Exploration and Provocation on the Limits of the Approach,2023,Social Science Computer Review,176,article,,10.1177/08944393231220483,Stefano De Paoli,Large Language Models (LLMs) have emerged as powerful generative Artificial Intelligence solutions. This paper presents results and reflections of an experiment done with the LLM GPT 3.5-Turbo to perform an inductive Thematic Analysis (TA). Previous research has worked on conducting deductive analysis. Thematic Analysis is a qualitative method for analysis commonly used in social sciences and it is based on interpretations by the human analyst(s) and the identification of explicit and latent mea,True
"Student Perceptions of ChatGPT Use in a College Essay Assignment: Implications for Learning, Grading, and Trust in Artificial Intelligence",2024,IEEE Transactions on Learning Technologies,176,article,,10.1109/tlt.2024.3355015,"Chad C. Tossell, Nathan L. Tenhundfeld, Ali Momen et al.","This study examined student experiences before and after an essay writing assignment that required the use of ChatGPT within an undergraduate engineering course. Utilizing a pre-post study design, we gathered data from 24 participants to evaluate ChatGPT's support for both completing and grading an essay assignment, exploring its educational value and impact on the learning process. Our quantitative and thematic analyses uncovered that ChatGPT did not simplify the writing process. Instead, the t",True
ChatGPT-4 Outperforms Experts and Crowd Workers in Annotating Political Twitter Messages with Zero-Shot Learning,2023,arXiv (Cornell University),159,preprint,2304.06588,10.48550/arxiv.2304.06588,Petter Törnberg,"This paper assesses the accuracy, reliability and bias of the Large Language Model (LLM) ChatGPT-4 on the text analysis task of classifying the political affiliation of a Twitter poster based on the content of a tweet. The LLM is compared to manual annotation by both expert classifiers and crowd workers, generally considered the gold standard for such tasks. We use Twitter messages from United States politicians during the 2020 election, providing a ground truth against which to measure accuracy",True
A Comprehensive Survey on Pretrained Foundation Models: A History from BERT to ChatGPT,2023,arXiv (Cornell University),153,preprint,2302.09419,10.48550/arxiv.2302.09419,"Ce Zhou, Qian Li, Chen Li et al.","Pretrained Foundation Models (PFMs) are regarded as the foundation for various downstream tasks with different data modalities. A PFM (e.g., BERT, ChatGPT, and GPT-4) is trained on large-scale data which provides a reasonable parameter initialization for a wide range of downstream applications. BERT learns bidirectional encoder representations from Transformers, which are trained on large datasets as contextual language models. Similarly, the generative pretrained transformer (GPT) method employ",True
“It happened to be the perfect thing”: experiences of generative AI chatbots for mental health,2024,npj Mental Health Research,138,article,,10.1038/s44184-024-00097-4,"Steven Siddals, John Torous, Astrid Coxon","The global mental health crisis underscores the need for accessible, effective interventions. Chatbots based on generative artificial intelligence (AI), like ChatGPT, are emerging as novel solutions, but research on real-life usage is limited. We interviewed nineteen individuals about their experiences using generative AI chatbots for mental health. Participants reported high engagement and positive impacts, including better relationships and healing from trauma and loss. We developed four theme",True
Homogenization Effects of Large Language Models on Human Creative Ideation,2024,Creativity and Cognition,122,preprint,2402.01536,10.1145/3635636.3656204,"Barrett R. Anderson, Jash Hemant Shah, Max Kreminski","Large language models (LLMs) are now being used in a wide variety of contexts, including as creativity support tools (CSTs) intended to help their users come up with new ideas. But do LLMs actually support user creativity? We hypothesized that the use of an LLM as a CST might make the LLM’s users feel more creative, and even broaden the range of ideas suggested by each individual user, but also homogenize the ideas suggested by different users. We conducted a 36-participant comparative user stud",True
Graphologue: Exploring Large Language Model Responses with Interactive Diagrams,2023,,117,preprint,,10.1145/3586183.3606737,"Peiling Jiang, Jude Rayan, Steven P. Dow et al.","Large language models (LLMs) have recently soared in popularity due to their ease of access and the unprecedented ability to synthesize text responses to diverse user questions. However, LLMs like ChatGPT present significant limitations in supporting complex information tasks due to the insufficient affordances of the text-based medium and linear conversational structure. Through a formative study with ten participants, we found that LLM interfaces often present long-winded responses, making it ",True
A Survey on Large Language Model based Autonomous Agents,2023,arXiv (Cornell University),113,preprint,2308.11432,10.48550/arxiv.2308.11432,"Lei Wang, Chen Ma, Xueyang Feng et al.","Autonomous agents have long been a prominent research focus in both academic and industry communities. Previous research in this field often focuses on training agents with limited knowledge within isolated environments, which diverges significantly from human learning processes, and thus makes the agents hard to achieve human-like decisions. Recently, through the acquisition of vast amounts of web knowledge, large language models (LLMs) have demonstrated remarkable potential in achieving human-",True
Using ChatGPT for human–computer interaction research: a primer,2023,Royal Society Open Science,113,article,,10.1098/rsos.231053,"Wilbert Tabone, Joost de Winter","ChatGPT could serve as a tool for text analysis within the field of Human–Computer Interaction, though its validity requires investigation. This study applied ChatGPT to: (1) textbox questionnaire responses on nine augmented-reality interfaces, (2) interview data from participants who experienced these interfaces in a virtual simulator, and (3) transcribed think-aloud data of participants who viewed a real painting and its replica. Using a hierarchical approach, ChatGPT produced scores or summar",True
RePrompt: Automatic Prompt Editing to Refine AI-Generative Art Towards Precise Expressions,2023,,108,preprint,2302.09466,10.1145/3544548.3581402,"Yunlong Wang, Shuyuan Shen, Brian Y. Lim","Generative AI models have shown impressive ability to produce images with text prompts, which could benefit creativity in visual art creation and self-expression. However, it is unclear how precisely the generated images express contexts and emotions from the input texts. We explored the emotional expressiveness of AI-generated images and developed RePrompt, an automatic method to refine text prompts toward precise expression of the generated images. Inspired by crowdsourced editing strategies, ",True
"Prompts, Pearls, Imperfections: Comparing ChatGPT and a Human Researcher in Qualitative Data Analysis",2024,Qualitative Health Research,88,article,,10.1177/10497323241244669,"Jonas Wachinger, Kate Bärnighausen, Louis Noël Schäfer et al.","The impact of ChatGPT and other large language model-based applications on scientific work is being debated across contexts and disciplines. However, despite ChatGPT's inherent focus on language generation and processing, insights regarding its potential for supporting qualitative research and analysis remain limited. In this article, we advocate for an open discourse on chances and pitfalls of AI-supported qualitative analysis by exploring ChatGPT's performance when analyzing an interview trans",True
The ethics of using generative AI for qualitative data analysis,2024,Information Systems Journal,71,article,,10.1111/isj.12504,"Robert M. Davison, Hameed Chughtai, Petter Nielsen et al.",It is important to note that the text of this editorial is entirely written by humans without any Generative Artificial Intelligence (GAI) contribution or assistance. The Editor of the ISJ (Robert M. Davison) was contacted by one of the ISJ's Associate Editors (AE) (Marjolein van Offenbeek) who explained that the qualitative data analysis software ATLAS.ti was offering a free-of-charge analysis of research data if the researcher shared the same data with ATLAS.ti for training purposes for their ,True
Human-Algorithmic Interaction Using a Large Language Model-Augmented Artificial Intelligence Clinical Decision Support System,2024,,68,article,,10.1145/3613904.3642024,"Niroop Rajashekar, Yeo Eun Shin, 円 杉浦 et al.","Integration of artificial intelligence (AI) into clinical decision support systems (CDSS) poses a socio-technological challenge that is impacted by usability, trust, and human-computer interaction (HCI). AI-CDSS interventions have shown limited benefit in clinical outcomes, which may be due to insufficient understanding of how health-care providers interact with AI systems. Large language models (LLMs) have the potential to enhance AI-CDSS, but haven’t been studied in either simulated or real-wo",True
ChatGPT: Beginning of an End of Manual Linguistic Data Annotation? Use Case of Automatic Genre Identification,2023,arXiv (Cornell University),66,preprint,2303.03953,10.48550/arxiv.2303.03953,"Taja Kuzman, Igor Mozetič, Nikola Ljubešić","ChatGPT has shown strong capabilities in natural language generation tasks, which naturally leads researchers to explore where its abilities end. In this paper, we examine whether ChatGPT can be used for zero-shot text classification, more specifically, automatic genre identification. We compare ChatGPT with a multilingual XLM-RoBERTa language model that was fine-tuned on datasets, manually annotated with genres. The models are compared on test sets in two languages: English and Slovenian. Resul",True
Comparing the Efficacy and Efficiency of Human and Generative AI: Qualitative Thematic Analyses,2024,JMIR AI,65,article,,10.2196/54482,"Maximo Prescott, Samantha Yeager, Lillian Ham et al.","BACKGROUND: Qualitative methods are incredibly beneficial to the dissemination and implementation of new digital health interventions; however, these methods can be time intensive and slow down dissemination when timely knowledge from the data sources is needed in ever-changing health systems. Recent advancements in generative artificial intelligence (GenAI) and their underlying large language models (LLMs) may provide a promising opportunity to expedite the qualitative analysis of textual data,",True
LLM-Assisted Content Analysis: Using Large Language Models to Support Deductive Coding,2023,arXiv (Cornell University),64,preprint,2306.14924,10.48550/arxiv.2306.14924,"Robert Chew, John Bollenbacher, Michael Wenger et al.","Deductive coding is a widely used qualitative research method for determining the prevalence of themes across documents. While useful, deductive coding is often burdensome and time consuming since it requires researchers to read, interpret, and reliably categorize a large body of unstructured text documents. Large language models (LLMs), like ChatGPT, are a class of quickly evolving AI tools that can perform a range of natural language processing and reasoning tasks. In this study, we explore th",True
LLM-in-the-loop: Leveraging Large Language Model for Thematic Analysis,2023,,64,article,,10.18653/v1/2023.findings-emnlp.669,"Shih-Chieh Dai, Aiping Xiong, Lun‐Wei Ku","Thematic analysis (TA) has been widely used for analyzing qualitative data in many disciplines and fields. To ensure reliable analysis, the same piece of data is typically assigned to at least two human coders. Moreover, to produce meaningful and useful analysis, human coders develop and deepen their data interpretation and coding over multiple iterations, making TA labor-intensive and time-consuming. Recently the emerging field of large language models (LLMs) research has shown that LLMs have t",True
Redefining Qualitative Analysis in the AI Era: Utilizing ChatGPT for Efficient Thematic Analysis,2023,arXiv (Cornell University),63,preprint,2309.10771,10.48550/arxiv.2309.10771,"He Zhang, Chuhao Wu, Jingyi Xie et al.","AI tools, particularly large-scale language model (LLM) based applications such as ChatGPT, have the potential to simplify qualitative research. Through semi-structured interviews with seventeen participants, we identified challenges and concerns in integrating ChatGPT into the qualitative analysis process. Collaborating with thirteen qualitative researchers, we developed a framework for designing prompts to enhance the effectiveness of ChatGPT in thematic analysis. Our findings indicate that im",True
Generating Automatic Feedback on UI Mockups with Large Language Models,2024,,61,preprint,2403.13139,10.1145/3613904.3642782,"Peitong Duan, Jeremy Warner, Yang Li et al.","Feedback on user interface (UI) mockups is crucial in design. However, human feedback is not always readily available. We explore the potential of using large language models for automatic feedback. Specifically, we focus on applying GPT-4 to automate heuristic evaluation, which currently entails a human expert assessing a UI’s compliance with a set of design guidelines. We implemented a Figma plugin that takes in a UI design and a set of written heuristics, and renders automatically-generated f",True
From Google Gemini to OpenAI Q* (Q-Star): A Survey of Reshaping the Generative Artificial Intelligence (AI) Research Landscape,2023,arXiv (Cornell University),60,preprint,2312.10868,10.48550/arxiv.2312.10868,"Timothy R. McIntosh, Teo Sušnjak, Tong Liu et al.","This comprehensive survey explored the evolving landscape of generative Artificial Intelligence (AI), with a specific focus on the transformative impacts of Mixture of Experts (MoE), multimodal learning, and the speculated advancements towards Artificial General Intelligence (AGI). It critically examined the current state and future trajectory of generative Artificial Intelligence (AI), exploring how innovations like Google's Gemini and the anticipated OpenAI Q* project are reshaping research pr",True
Let the LLMs Talk: Simulating Human-to-Human Conversational QA via Zero-Shot LLM-to-LLM Interactions,2024,,59,article,,10.1145/3616855.3635856,"Zahra Abbasiantaeb, Yifei Yuan, Evangelos Kanoulas et al.","CQA systems aim to create interactive search systems that effectively retrieve information by interacting with users. To replicate human-to-human conversations, existing work uses human annotators to play the roles of the questioner (student) and the answerer (teacher). Despite its effectiveness, challenges exist as human annotation is time-consuming, inconsistent, and not scalable. To address this issue and investigate the applicability of LLM in CQA simulation, we propose a simulation framewor",True
Knowledge sharing in manufacturing using LLM-powered tools: user study and model benchmarking,2024,Frontiers in Artificial Intelligence,58,article,,10.3389/frai.2024.1293084,"Samuel Kernan Freire, Chaofan Wang, Mina Foosherian et al.","Recent advances in natural language processing enable more intelligent ways to support knowledge sharing in factories. In manufacturing, operating production lines has become increasingly knowledge-intensive, putting strain on a factory's capacity to train and support new operators. This paper introduces a Large Language Model (LLM)-based system designed to retrieve information from the extensive knowledge contained in factory documentation and knowledge shared by expert operators. The system ai",True
Why and When LLM-Based Assistants Can Go Wrong: Investigating the Effectiveness of Prompt-Based Interactions for Software Help-Seeking,2024,,57,preprint,2402.08030,10.1145/3640543.3645200,"Anjali Khurana, Hariharan Subramonyam, Parmit K. Chilana","Large Language Model (LLM) assistants, such as ChatGPT, have emerged as potential alternatives to search methods for helping users navigate complex, feature-rich software. LLMs use vast training data from domain-specific texts, software manuals, and code repositories to mimic human-like interactions, offering tailored assistance, including step-by-step instructions. In this work, we investigated LLM-generated software guidance through a within-subject experiment with 16 participants and follow-u",True
Development and Evaluation of a Retrieval-Augmented Large Language Model Framework for Ophthalmology,2024,JAMA Ophthalmology,51,letter,,10.1001/jamaophthalmol.2024.2513,"Mingjie Luo, Jianyu Pang, Shaowei Bi et al.","Importance: Although augmenting large language models (LLMs) with knowledge bases may improve medical domain-specific performance, practical methods are needed for local implementation of LLMs that address privacy concerns and enhance accessibility for health care professionals. Objective: To develop an accurate, cost-effective local implementation of an LLM to mitigate privacy concerns and support their practical deployment in health care settings. Design, Setting, and Participants: ChatZOC (Su",True
Toward General Design Principles for Generative AI Applications,2023,arXiv (Cornell University),49,preprint,2301.05578,10.48550/arxiv.2301.05578,"Justin D. Weisz, Michael Müller, Jessica He et al.","Generative AI technologies are growing in power, utility, and use. As generative technologies are being incorporated into mainstream applications, there is a need for guidance on how to design those applications to foster productive and safe use. Based on recent research on human-AI co-creation within the HCI and AI communities, we present a set of seven principles for the design of generative AI applications. These principles are grounded in an environment of generative variability. Six princip",True
“It’s the only thing I can trust”: Envisioning Large Language Model Use by Autistic Workers for Communication Assistance,2024,,46,preprint,2403.03297,10.1145/3613904.3642894,"JiWoong Jang, Sanika Moharana, Patrick Carrington et al.","Autistic adults often experience stigma and discrimination at work, leading them to seek social communication support from coworkers, friends, and family despite emotional risks. Large language models (LLMs) are increasingly considered an alternative. In this work, we investigate the phenomenon of LLM use by autistic adults at work and explore opportunities and risks of LLMs as a source of social communication advice. We asked 11 autistic participants to present questions about their own workpla",True
Deus Ex Machina and Personas from Large Language Models: Investigating the Composition of AI-Generated Persona Descriptions,2024,,45,article,,10.1145/3613904.3642036,"Joni Salminen, Chang Liu, Wenjing Pian et al.","Large language models (LLMs) can generate personas based on prompts that describe the target user group. To understand what kind of personas LLMs generate, we investigate the diversity and bias in 450 LLM-generated personas with the help of internal evaluators (n=4) and subject-matter experts (SMEs) (n=5). The research findings reveal biases in LLM-generated personas, particularly in age, occupation, and pain points, as well as a strong bias towards personas from the United States. Human evaluat",True
ChatGPT in thematic analysis: Can AI become a research assistant in qualitative research?,2025,Quality & Quantity,42,article,,10.1007/s11135-025-02165-z,Kien Nguyen‐Trung,"Abstract Despite an emerging body of scholarship on applying generative AI (GenAI) to qualitative data analysis, this area remains underdeveloped. This article evaluates how GenAI can support thematic analysis using a publicly available interview dataset from Lumivero. It introduces Guided AI Thematic Analysis (GAITA), an adaptation of King et al.’s (2018) Template Analysis. This framework positions researchers as a reflexive instrument and intellectual leader while thoroughly guiding GPT-4 in f",True
"""If the Machine Is As Good As Me, Then What Use Am I?"" – How the Use of ChatGPT Changes Young Professionals' Perception of Productivity and Accomplishment",2024,,41,article,,10.1145/3613904.3641964,"Charlotte Kobiella, Y. López, Franz Waltenberger et al.","Large language models (LLMs) like ChatGPT have been widely adopted in work contexts. We explore the impact of ChatGPT on young professionals’ perception of productivity and sense of accomplishment. We collected LLMs’ main use cases in knowledge work through a preliminary study, which served as the basis for a two-week diary study with 21 young professionals reflecting on their ChatGPT use. Findings indicate that ChatGPT enhanced some participants’ perceptions of productivity and accomplishment b",True
Evaluating large language models in analysing classroom dialogue,2024,npj Science of Learning,39,article,,10.1038/s41539-024-00273-3,"Yun Liang Long, Haifeng Luo, Yu Zhang","This study explores the use of Large Language Models (LLMs), specifically GPT-4, in analysing classroom dialogue-a key task for teaching diagnosis and quality improvement. Traditional qualitative methods are both knowledge- and labour-intensive. This research investigates the potential of LLMs to streamline and enhance this process. Using datasets from middle school mathematics and Chinese classes, classroom dialogues were manually coded by experts and then analysed with a customised GPT-4 model",True
Humans or LLMs as the Judge? A Study on Judgement Bias,2024,,38,article,,10.18653/v1/2024.emnlp-main.474,"Guiming Hardy Chen, Shunian Chen, Ziche Liu et al.","Adopting human and large language models (LLM) as judges (a.k.a human-and LLM-as-ajudge) for evaluating the performance of LLMs has recently gained attention.Nonetheless, this approach concurrently introduces potential biases from human and LLMs, questioning the reliability of the evaluation results.In this paper, we propose a novel framework that is free from referencing groundtruth annotations for investigating Misinformation Oversight Bias, Gender Bias, Authority Bias and Beauty Bias on LLM a",True
Synthetic Replacements for Human Survey Data? The Perils of Large Language Models,2023,,36,preprint,,10.31235/osf.io/5ecfa,"James Bisbee, Joshua D. Clinton, Cassy Dorff et al.","Large Language Models (LLMs) offer new research possibilities for social scientists, but their potential as ""synthetic data"" is still largely unknown. In this paper, we investigate how accurately the popular closed-source LLM ChatGPT can recover public opinion, prompting the LLM to adopt different ""personas"" and then provide feeling thermometer scores for 11 sociopolitical groups. The average scores generated by ChatGPT correspond closely to the averages in our baseline survey, the 2016–2020 Ame",True
Automated Annotation with Generative AI Requires Validation,2023,arXiv (Cornell University),35,preprint,2306.00176,10.48550/arxiv.2306.00176,"Nicholas Pangakis, Samuel Wolken, Neil Fasching","Generative large language models (LLMs) can be a powerful tool for augmenting text annotation procedures, but their performance varies across annotation tasks due to prompt quality, text data idiosyncrasies, and conceptual difficulty. Because these challenges will persist even as LLM technology improves, we argue that any automated annotation process using an LLM must validate the LLM's performance against labels generated by humans. To this end, we outline a workflow to harness the annotation p",True
BeaverTails: Towards Improved Safety Alignment of LLM via a Human-Preference Dataset,2023,arXiv (Cornell University),34,preprint,2307.04657,10.48550/arxiv.2307.04657,"Jiaming Ji, Mickel Liu, Juntao Dai et al.","In this paper, we introduce the BeaverTails dataset, aimed at fostering research on safety alignment in large language models (LLMs). This dataset uniquely separates annotations of helpfulness and harmlessness for question-answering pairs, thus offering distinct perspectives on these crucial attributes. In total, we have gathered safety meta-labels for 333,963 question-answer (QA) pairs and 361,903 pairs of expert comparison data for both the helpfulness and harmlessness metrics. We further show",True
CoMPosT: Characterizing and Evaluating Caricature in LLM Simulations,2023,,33,article,,10.18653/v1/2023.emnlp-main.669,"Myra Cheng, Tiziano Piccardi, Diyi Yang","Recent work has aimed to capture nuances of human behavior by using LLMs to simulate responses from particular demographics in settings like social science experiments and public opinion surveys. However, there are currently no established ways to discuss or evaluate the quality of such LLM simulations. Moreover, there is growing concern that these LLM simulations are flattened caricatures of the personas that they aim to simulate, failing to capture the multidimensionality of people and perpetu",True
CoAnnotating: Uncertainty-Guided Work Allocation between Human and Large Language Models for Data Annotation,2023,,33,article,,10.18653/v1/2023.emnlp-main.92,"Minzhi Li, Taiwei Shi, Caleb Ziems et al.","Annotated data plays a critical role in Natural Language Processing (NLP) in training models and evaluating their performance. Given recent developments in Large Language Models (LLMs), models such as ChatGPT demonstrate zero-shot capability on many text-annotation tasks, comparable with or even exceeding human annotators. Such LLMs can serve as alternatives for manual annotation, due to lower costs and higher scalability. However, limited work has leveraged LLMs as complementary annotators, nor",True
Comparing GPT-4 and Human Researchers in Health Care Data Analysis: Qualitative Description Study,2024,Journal of Medical Internet Research,33,article,,10.2196/56500,"Kevin Li, Adrian Fernandez, Rachel Schwartz et al.","BACKGROUND: Large language models including GPT-4 (OpenAI) have opened new avenues in health care and qualitative research. Traditional qualitative methods are time-consuming and require expertise to capture nuance. Although large language models have demonstrated enhanced contextual understanding and inferencing compared with traditional natural language processing, their performance in qualitative analysis versus that of humans remains unexplored. OBJECTIVE: We evaluated the effectiveness of G",True
"“As an AI language model, I cannot”: Investigating LLM Denials of User Requests",2024,,33,article,,10.1145/3613904.3642135,"Joel Wester, Tim Schrills, Henning Pohl et al.","Users ask large language models (LLMs) to help with their homework, for lifestyle advice, or for support in making challenging decisions. Yet LLMs are often unable to fulfil these requests, either as a result of their technical inabilities or policies restricting their responses. To investigate the effect of LLMs denying user requests, we evaluate participants’ perceptions of different denial styles. We compare specific denial styles (baseline, factual, diverting, and opinionated) across two stu",True
SMILE: Single-turn to Multi-turn Inclusive Language Expansion via ChatGPT for Mental Health Support,2024,,32,article,,10.18653/v1/2024.findings-emnlp.34,"Huachuan Qiu, Hongliang He, Shuai Zhang et al.","Developing specialized dialogue systems for mental health support requires multi-turn conversation data, which has recently garnered increasing attention.However, gathering and releasing large-scale, real-life multi-turn conversations that could facilitate advancements in mental health support presents challenges in data privacy protection and the time and cost involved in crowdsourcing.To address these challenges, we introduce SMILE, a single-turn to multi-turn inclusive language expansion tech",True
"Conversational AI-Powered Design: ChatGPT as Designer, User, and Product",2023,arXiv (Cornell University),31,preprint,2302.07406,10.48550/arxiv.2302.07406,A. Baki Kocaballı,"The recent advancements in Large Language Models (LLMs), particularly conversational LLMs like ChatGPT, have prompted changes in a range of fields, including design. This study aims to examine the capabilities of ChatGPT in a human-centered design process. To this end, a hypothetical design project was conducted, where ChatGPT was utilized to generate personas, simulate interviews with fictional users, create new design ideas, simulate usage scenarios and conversations between an imaginary proto",True
NuNER: Entity Recognition Encoder Pre-training via LLM-Annotated Data,2024,,29,article,,10.18653/v1/2024.emnlp-main.660,"Sergei Bogdanov, Alexandre Constantin, Timothée Bernard et al.","Large Language Models (LLMs) have shown impressive abilities in data annotation, opening the way for new approaches to solve classic NLP problems.In this paper, we show how to use LLMs to create NuNER, a compact language representation model specialized in the Named Entity Recognition (NER) task.NuNER can be fine-tuned to solve downstream NER problems in a data-efficient way, outperforming similar-sized foundation models in the few-shot regime and competing with much larger LLMs.We find that the",True
ChatGPT to Replace Crowdsourcing of Paraphrases for Intent Classification: Higher Diversity and Comparable Model Robustness,2023,,25,article,,10.18653/v1/2023.emnlp-main.117,"Ján Čegiň, Jakub Šimko, Peter Brusilovsky","&lt;p&gt;The emergence of generative large language models (LLMs) raises the question: what will be its impact on crowdsourcing? Traditionally, crowdsourcing has been used for acquiring solutions to a wide variety of human-intelligence tasks, including ones involving text generation, modification or evaluation. For some of these tasks, models like ChatGPT can potentially substitute human workers. In this study, we investigate whether this is the case for the task of paraphrase generation for int",True
Qualitative Coding with GPT-4,2025,Journal of Learning Analytics,24,article,,10.18608/jla.2025.8575,"Xiner Liu, Andres Felipe Zambrano, Ryan S. Baker et al.","This study explores the potential of the large language model GPT-4 as an automated tool for qualitative data analysis by educational researchers, exploring which techniques are most successful for different types of constructs. Specifically, we assess three different prompt engineering strategies — Zero-shot, Few-shot, and Few-shot with contextual information — as well as the use of embeddings. We do so in the context of qualitatively coding three distinct educational datasets: Algebra I semi-p",True
Quantifying the Persona Effect in LLM Simulations,2024,,23,article,,10.18653/v1/2024.acl-long.554,"Tiancheng Hu, Nigel Collier","Large language models (LLMs) have shown remarkable promise in simulating human language and behavior.This study investigates how integrating persona variables-demographic, social, and behavioral factors-impacts LLMs' ability to simulate diverse perspectives.We find that persona variables account for <10% variance in annotations in existing subjective NLP datasets.Nonetheless, incorporating persona variables via prompting in LLMs provides modest but statistically significant improvements.Persona ",True
LLM-Based Agents for Tool Learning: A Survey,2025,Data Science and Engineering,22,article,,10.1007/s41019-025-00296-9,"Weikai Xu, Chengrui Huang, Shen Gao et al.","Abstract Human beings capable of making and using tools can accomplish tasks far beyond their innate abilities, and this paradigm of integration with tools may not be limited to humans themselves. Recently, the large language model (LLM) has demonstrated immense potential across various fields with its unique planning and reasoning abilities. However, there are still many challenges beyond its capabilities due to deficiencies in its training data and inherent illusions. Thus, integrating LLMs an",True
Designing for Human-Agent Alignment: Understanding what humans want from their agents,2024,,20,preprint,2404.04289,10.1145/3613905.3650948,"Nitesh Goyal, Minsuk Chang, Michael Terry","Our ability to build autonomous agents that leverage Generative AI continues to increase by the day. As builders and users of such agents it is unclear what parameters we need to align on before the agents start performing tasks on our behalf. To discover these parameters, we ran a qualitative empirical research study about designing agents that can negotiate during a fictional yet relatable task of selling a camera online. We found that for an agent to perform the task successfully, humans/user",True
Using Large Language Models to Enhance Exercise Recommendations and Physical Activity in Clinical and Healthy Populations: Scoping Review,2025,JMIR Medical Informatics,18,review,,10.2196/59309,"Xiangxun Lai, Jiacheng Chen, Yue Lai et al.","Background: Regular exercise recommendations (ERs) and physical activity (PA) are crucial for the prevention and management of chronic diseases. However, creating effective exercise programs demand substantial time and specialized expertise from both medical and sports professionals. Large language models (LLMs), such as ChatGPT, offer a promising solution by helping create personalized ERs. While LLMs show potential, their use in exercise planning remains in its early stages and requires furthe",True
Simulating Social Media Using Large Language Models to Evaluate Alternative News Feed Algorithms,2023,arXiv (Cornell University),18,preprint,2310.05984,10.48550/arxiv.2310.05984,"Petter Törnberg, Диляра Валеева, Justus Uitermark et al.",Social media is often criticized for amplifying toxic discourse and discouraging constructive conversations. But designing social media platforms to promote better conversations is inherently challenging. This paper asks whether simulating social media through a combination of Large Language Models (LLM) and Agent-Based Modeling can help researchers study how different news feed algorithms shape the quality of online conversations. We create realistic personas using data from the American Nation,True
ChatGPT vs. Crowdsourcing vs. Experts: Annotating Open-Domain Conversations with Speech Functions,2023,,17,article,,10.18653/v1/2023.sigdial-1.23,"Lidiia Ostyakova, Veronika Smilga, Kseniia Petukhova et al.","This paper deals with the task of annotating open-domain conversations with speech functions. We propose a semi-automated method for annotating dialogs following the topic-oriented, multi-layered taxonomy of speech functions with the use of hierarchical guidelines using Large Language Models. These guidelines comprise simple questions about the topic and speaker change, sentence types, pragmatic aspects of the utterance, and examples that aid untrained annotators in understanding the taxonomy. W",True
"A Survey on Large Language Models for Critical Societal Domains: Finance, Healthcare, and Law",2024,arXiv (Cornell University),16,preprint,2405.01769,10.48550/arxiv.2405.01769,"Zhiyu Zoey Chen, Jing Ma, Xinlu Zhang et al.","In the fast-evolving domain of artificial intelligence, large language models (LLMs) such as GPT-3 and GPT-4 are revolutionizing the landscapes of finance, healthcare, and law: domains characterized by their reliance on professional expertise, challenging data acquisition, high-stakes, and stringent regulatory compliance. This survey offers a detailed exploration of the methodologies, applications, challenges, and forward-looking opportunities of LLMs within these high-stakes sectors. We highlig",True
MEGAnno+: A Human-LLM Collaborative Annotation System,2024,,16,article,,10.18653/v1/2024.eacl-demo.18,"Hannah Kim, Kushan Mitra, Rafael Li Chen et al.","Hannah Kim, Kushan Mitra, Rafael Li Chen, Sajjadur Rahman, Dan Zhang. Proceedings of the 18th Conference of the European Chapter of the Association for Computational Linguistics: System Demonstrations. 2024.",True
The role of GPT in promoting inclusive higher education for people with various learning disabilities: a review,2025,PeerJ Computer Science,15,review,,10.7717/peerj-cs.2400,"Thippa Reddy Gadekallu, Gokul Yenduri, Rajesh Kaluri et al.","The generative pre-trained transformer (GPT) is a notable breakthrough in the field of artificial intelligence, as it empowers machines to effectively comprehend and engage in interactions with humans. The GPT exhibits the capacity to enhance inclusivity and accessibility for students with learning disabilities in the context of higher education, hence potentially facilitating substantial advancements in the field. GPT can provide personalized and diverse solutions that successfully cater to the",True
Large Language Model-Based Agents for Software Engineering: A Survey,2024,arXiv (Cornell University),13,preprint,2409.02977,10.48550/arxiv.2409.02977,"Junwei Liu, Kaixin Wang, Yixuan Chen et al.","The recent advance in Large Language Models (LLMs) has shaped a new paradigm of AI agents, i.e., LLM-based agents. Compared to standalone LLMs, LLM-based agents substantially extend the versatility and expertise of LLMs by enhancing LLMs with the capabilities of perceiving and utilizing external resources and tools. To date, LLM-based agents have been applied and shown remarkable effectiveness in Software Engineering (SE). The synergy between multiple agents and human interaction brings further ",True
GPT-4 as an X data annotator: Unraveling its performance on a stance classification task,2024,PLoS ONE,12,article,,10.1371/journal.pone.0307741,"Chandreen Ravihari Liyanage, Ravi Gokani, Vijay Mago","Data annotation in NLP is a costly and time-consuming task, traditionally handled by human experts who require extensive training to enhance the task-related background knowledge. Besides, labeling social media texts is particularly challenging due to their brevity, informality, creativity, and varying human perceptions regarding the sociocultural context of the world. With the emergence of GPT models and their proficiency in various NLP tasks, this study aims to establish a performance baseline",True
LATA: A Pilot Study on LLM-Assisted Thematic Analysis of Online Social Network Data Generation Experiences,2025,Proceedings of the ACM on Human-Computer Interaction,12,article,,10.1145/3711022,"Qile Wang, Moath Erqsous, Kenneth E. Barner et al.","Large Language Models (LLMs) have gained attention in research and industry, aiming to streamline processes and enhance text analysis performance. Thematic Analysis (TA), a prevalent qualitative method for analyzing interview content, often requires at least two human experts to review and analyze data. This study demonstrates the feasibility of LLM-Assisted Thematic Analysis (LATA) using GPT-4 and Gemini. Specifically, we conducted semi-structured interviews with 14 researchers to gather insigh",True
The Problems of LLM-generated Data in Social Science Research,2024,KTH Publication Database DiVA (KTH Royal Institute of Technology),10,article,,10.6092/issn.1971-8853/19576,"Luca Rossi, Katherine Harrison, Irina Shklovski","Beyond being used as fast and cheap annotators for otherwise complex classification tasks, LLMs have seen a growing adoption for generating synthetic data for social science and design research. Researchers have used LLM-generated data for data augmentation and prototyping, as well as for direct analysis where LLMs acted as proxies for real human subjects. LLM-based synthetic data build on fundamentally different epistemological assumptions than previous synthetically generated data and are just",True
Where AI and Design Meet - Designers’ Perceptions of AI Tools,2024,Nordic Conference on Human-Computer Interaction,10,article,,10.1145/3679318.3685388,"Matilda Kalving, Ashley Colley, Jonna Häkkilä","The creative industries are at a significant turning point, blurring the lines between human innovation and machine efficiency due to the advent of AI tools for design. This research addresses the design community’s reaction to generative AI’s rapid ascent. Involving both professionals and students, this paper uses a survey (n=49), focus groups (n=6), and interviews (n=6), to explore the perspectives on AI’s role in creative workflows, revealing a mix of enthusiasm and dread for its potential to",True
LLMs as Workers in Human-Computational Algorithms? Replicating Crowdsourcing Pipelines with LLMs,2023,arXiv (Cornell University),9,preprint,2307.10168,10.48550/arxiv.2307.10168,"Tongshuang Wu, Haiyi Zhu, Maya Albayrak et al.","LLMs have shown promise in replicating human-like behavior in crowdsourcing tasks that were previously thought to be exclusive to human abilities. However, current efforts focus mainly on simple atomic tasks. We explore whether LLMs can replicate more complex crowdsourcing pipelines. We find that modern LLMs can simulate some of crowdworkers' abilities in these ``human computation algorithms,'' but the level of success is variable and influenced by requesters' understanding of LLM capabilities, ",True
A technological construction of society: Comparing GPT‐4 and human respondents for occupational evaluation in the UK,2024,British Journal of Industrial Relations,9,article,,10.1111/bjir.12840,"Paweł Gmyrek, Christoph Lutz, Gemma Newlands","Abstract Despite initial research about the biases and perceptions of large language models (LLMs), we lack evidence on how LLMs evaluate occupations, especially in comparison to human evaluators. In this paper, we present a systematic comparison of occupational evaluations by GPT‐4 with those from an in‐depth, high‐quality and recent human respondents survey in the UK. Covering the full ISCO‐08 occupational landscape, with 580 occupations and two distinct metrics (prestige and social value), ou",True
Assessing Cognitive and Social Awareness among Group Members in AI-assisted Collaboration,2024,,9,article,,10.1145/3701571.3701582,"Sander de Jong, Joel Wester, Tim Schrills et al.","Successful collaboration in computer-mediated teams requires awareness among group members of each other’s knowledge, skills, and goals. Large Language Models (LLMs) can play a mediating role in establishing and maintaining this awareness among group members. In an in-situ study, we explored the impact of an LLM-based chatbot on cognitive and social group awareness through a distributed text-based group task. We instructed participants (N = 48) to complete a travel-planning task in sixteen group",True
Evaluation of Code Generation for Simulating Participant Behavior in Experience Sampling Method by Iterative In-Context Learning of a Large Language Model,2024,Proceedings of the ACM on Human-Computer Interaction,9,article,,10.1145/3661143,"Alireza Khanshan, Pieter Van Gorp, Panos Markopoulos","The Experience Sampling Method (ESM) is commonly used to understand behaviors, thoughts, and feelings in the wild by collecting self-reports. Sustaining sufficient response rates, especially in long-running studies remains challenging. To avoid low response rates and dropouts, experimenters rely on their experience, proposed methodologies from earlier studies, trial and error, or the scarcely available participant behavior data from previous ESM protocols. This approach often fails in finding th",True
Investigating the increase of violent speech in Incel communities with human-guided GPT-4 prompt iteration,2024,Frontiers in Social Psychology,9,article,,10.3389/frsps.2024.1383152,"Daniel Matter, Miriam Schirmer, N. A. Grinberg et al.","This study investigates the prevalence of violent language on incels.is . It evaluates GPT models (GPT-3.5 and GPT-4) for content analysis in social sciences, focusing on the impact of varying prompts and batch sizes on coding quality for the detection of violent speech. We scraped over 6.9 M posts from incels.is and categorized a random sample into non-violent, explicitly violent, and implicitly violent content. Two human coders annotated 3, 028 posts, which we used to tune and evaluate GPT-3.5",True
Challenges and Opportunities of LLM-Based Synthetic Personae and Data in HCI,2024,,8,article,,10.1145/3678884.3681826,"Mirjana Prpa, Giovanni Maria Troiano, Bingsheng Yao et al.","Synthetic personae and data powered by artificial intelligence (AI) are emerging in many HCI areas, including education and training, gaming, and piloting research studies. Recently, Large Language Models (LLMs) have shown promise for synthetic AI personae, experimenting with human and social simulacra and producing synthetic data. This presents challenges and opportunities for extending HCI research via LLMs and AI. In this proposed workshop, we engage HCI researchers interested in working with",True
Exploring the synergy of human and AI-driven approaches in thematic analysis for qualitative educational research,2024,Journal of Applied Learning & Teaching,8,article,,10.37074/jalt.2024.7.2.32,Soroush Sabbaghan,"This paper investigates the integration of Generative Artificial Intelligence (GenAI), particularly Large Language Models (LLMs) such as GPT-4, into qualitative analysis in educational research. Utilizing TRACER (Transcript Analysis and Concept Extraction Resource), a GenAI-driven tool, the study evaluated its efficiency, reproducibility, and synergy with human analytical expertise. The research demonstrated that TRACER significantly streamlined thematic analysis, efficiently handled large data ",True
Random Silicon Sampling: Simulating Human Sub-Population Opinion Using a Large Language Model Based on Group-Level Demographic Information,2024,arXiv (Cornell University),7,preprint,2402.18144,10.48550/arxiv.2402.18144,"Seungjong Sun, Eungu Lee, Dongyan Nan et al.","Large language models exhibit societal biases associated with demographic information, including race, gender, and others. Endowing such language models with personalities based on demographic data can enable generating opinions that align with those of humans. Building on this idea, we propose ""random silicon sampling,"" a method to emulate the opinions of the human population sub-group. Our study analyzed 1) a language model that generates the survey responses that correspond with a human group",True
Exploring the Human-LLM Synergy in Advancing Theory-driven Qualitative Analysis,2024,arXiv (Cornell University),7,preprint,2405.05758,10.48550/arxiv.2405.05758,"Han Meng, Yitian Yang, Fu, Wayne et al.","Qualitative coding is a demanding yet crucial research method in the field of Human-Computer Interaction (HCI). While recent studies have shown the capability of large language models (LLMs) to perform qualitative coding within theoretical frameworks, their potential for collaborative human-LLM discovery and generation of new insights beyond initial theory remains underexplored. To bridge this gap, we proposed CHALET, a novel approach that harnesses the power of human-LLM partnership to advance ",True
Participant Interactions with Artificial Intelligence: Using Large Language Models to Generate Research Materials for Surveys and Experiments,2025,Journal of Business and Psychology,7,article,,10.1007/s10869-025-10035-6,"Tara S. Behrend, Richard N. Landers","Abstract Researchers are increasingly exploring the use of large language models (LLMs) to develop materials for surveys and experiments. However, clear guidance on effective implementation remains limited. In this paper, we propose a decision-making framework comprising five use cases for integrating large language models into psychological survey and experimental methods: (1) LLM as research assistant; (2) LLM as adaptive content creator; (3) LLM as external resource; (4) LLM as conversation p",True
GPT-4 as a Twitter Data Annotator: Unraveling Its Performance on a Stance Classification Task,2023,,6,preprint,,10.36227/techrxiv.24143706.v1,"Chandreen Liyanage, Ravi Gokani, Vijay Mago","&lt;p&gt;This study utilizes a new labeled dataset of Twitter posts discussing the stance classification regarding abortion legalization in the USA. The main aim of the study is to evaluate the GPT-4 model's capability as a social media text annotator. We assess the performance of three prompt-based GPT-4 approaches using a sample of the dataset that exhibits perfect agreement among human annotators. The tweets are categorized into three labels: 'favor,' 'against,' or 'none,' representing their ",True
Can Large Language Models Serve as Data Analysts? A Multi-Agent Assisted Approach for Qualitative Data Analysis,2024,arXiv (Cornell University),6,preprint,2402.01386,10.48550/arxiv.2402.01386,"Zeeshan Rasheed, Muhammad Waseem, Aakash Ahmad et al.","Context: Manual qualitative data analysis is time-intensive and can compromise validity and replicability, affecting analysis design, implementation, and reporting. Large Language Models (LLMs) enable human-bot collaboration in Software Engineering (SE), but their potential for qualitative data analysis in SE remains largely unexplored. Objective: The objective of this study is to design and develop an LLM-based multi-agent system that synergizes human decision support with AI to automate variou",True
RACER: An LLM-powered Methodology for Scalable Analysis of Semi-structured Mental Health Interviews,2024,,6,article,,10.18653/v1/2024.nlp4science-1.8,"Satpreet Singh, Kevin Jiang, Kanchan Bhasin et al.","Semi-structured interviews (SSIs) are a commonly employed data-collection method in healthcare research, offering in-depth qualitative insights into subject experiences.Despite their value, manual analysis of SSIs is notoriously time-consuming and labor-intensive, in part due to the difficulty of extracting and categorizing emotional responses, and challenges in scaling human evaluation for large populations.In this study, we develop RACER, a Large Language Model (LLM) based expertguided automat",True
GhostWriter: Augmenting Collaborative Human-AI Writing Experiences Through Personalization and Agency,2024,arXiv (Cornell University),5,preprint,2402.08855,10.48550/arxiv.2402.08855,"Catherine Vance Yeh, Gonzalo Ramos, Rachel Ng et al.","Large language models (LLMs) have become ubiquitous in providing different forms of writing assistance to different writers. However, LLM-powered writing systems often fall short in capturing the nuanced personalization and control needed to effectively support users -- particularly for those who lack experience with prompt engineering. To address these challenges, we introduce GhostWriter, an AI-enhanced design probe that enables users to exercise enhanced agency and personalization during writ",True
Leveraging large language models for thematic analysis: a case study in the charity sector,2025,AI & Society,5,article,,10.1007/s00146-025-02487-4,"Chuanchi Wen, Paul Clough, Rachel Paton et al.","Abstract This study explores how large language models (LLMs) can support deductive and inductive thematic coding in real-life contexts, balancing AI-driven efficiency with essential human oversight. Using three datasets from Tearfund, a UK-based Christian charity, we propose a dual-role human–LLM collaborative framework where the LLM functions as an initial annotator and a validator. In the deductive phase, GPT-4o and GPT-4o-mini were compared against human coders. GPT-4o achieved a substantial",True
Collecting Qualitative Data at Scale with Large Language Models: A Case Study,2023,arXiv (Cornell University),4,preprint,2309.10187,10.48550/arxiv.2309.10187,"Cuevas, Alejandro, Jennifer V. Scurrell, Eva Maxfield Brown et al.","Chatbots have shown promise as tools to scale qualitative data collection. Recent advances in Large Language Models (LLMs) could accelerate this process by allowing researchers to easily deploy sophisticated interviewing chatbots. We test this assumption by conducting a large-scale user study (n=399) evaluating 3 different chatbots, two of which are LLM-based and a baseline which employs hard-coded questions. We evaluate the results with respect to participant engagement and experience, establis",True
"A survey on the impacts of recommender systems on users, items, and human-AI ecosystems",2024,arXiv (Cornell University),4,preprint,2407.01630,10.48550/arxiv.2407.01630,"Luca Pappalardo, Salvatore Citraro, Giuliano Cornacchia et al.","Recommendation systems and assistants (in short, recommenders) influence through online platforms most actions of our daily lives, suggesting items or providing solutions based on users' preferences or requests. This survey systematically reviews, categories, and discusses the impact of recommenders in four human-AI ecosystems -- social media, online retail, urban mapping and generative AI ecosystems. Its scope is to systematise a fast-growing field in which terminologies employed to classify me",True
How do Generative Language Models Answer Opinion Polls?,2024,,4,preprint,,10.31235/osf.io/r2pnb,"Julien Boelaert, Samuel Coavoux, Étienne Ollion et al.","Generative AI is increasingly presented as a potential substitute for humans, including as human research subjects in various disciplines. Yet there is no scientific consensus on how closely these in-silico clones could represent their human counterparts. While some defend the use of these “synthetic users,” others point towards the biases in the responses provided by the LLMs. Through an experiment using survey questionnaires, we demonstrate that these latter critics are right to be wary of usi",True
QuaLLM: An LLM-based Framework to Extract Quantitative Insights from Online Forums,2024,arXiv (Cornell University),3,preprint,2405.05345,10.48550/arxiv.2405.05345,"Varun Nagaraj Rao, Eesha Agarwal, Samantha Dalal et al.","Online discussion forums provide crucial data to understand the concerns of a wide range of real-world communities. However, the typical qualitative and quantitative methodologies used to analyze those data, such as thematic analysis and topic modeling, are infeasible to scale or require significant human effort to translate outputs to human readable forms. This study introduces QuaLLM, a novel LLM-based framework to analyze and extract quantitative insights from text data on online forums. The ",True
Close to Human-Level Agreement: Tracing Journeys of Violent Speech in Incel Posts with GPT-4-Enhanced Annotations,2024,arXiv (Cornell University),3,preprint,2401.02001,10.48550/arxiv.2401.02001,"Daniel Matter, Miriam Schirmer, N. A. Grinberg et al.","This study investigates the prevalence of violent language on incels.is. It evaluates GPT models (GPT-3.5 and GPT-4) for content analysis in social sciences, focusing on the impact of varying prompts and batch sizes on coding quality for the detection of violent speech. We scraped over 6.9M posts from incels.is and categorized a random sample into non-violent, explicitly violent, and implicitly violent content. Two human coders annotated 3,028 posts, which we used to tune and evaluate GPT-3.5 an",True
The Siren Song of LLMs: How Users Perceive and Respond to Dark Patterns in Large Language Models,2026,,3,article,2509.10830,10.1145/3772318.3791149,"Yike Shi, Qing Xiao, Qing Hu et al.","Large language models can influence users through conversation, creating new forms of dark patterns that differ from traditional UX dark patterns. We define LLM dark patterns as manipulative or deceptive behaviors enacted in dialogue. Drawing on prior work and AI incident reports, we outline a diverse set of categories with real-world examples. Using them, we conducted a scenario-based study where participants (N=34) compared manipulative and neutral LLM responses. Our results reveal that recogn",True
Investigation of the Inter-Rater Reliability between Large Language Models and Human Raters in Qualitative Analysis,2025,,3,article,,10.1119/perc.2025.pr.borse,"Nikhil Borse, Ravishankar Chatta Subramaniam, N. Sanjay Rebello","Qualitative analysis is typically limited to small datasets because it is time-intensive.Moreover, a second human rater is required to ensure reliable findings.Artificial intelligence tools may replace human raters if we demonstrate high reliability compared to human ratings.We investigated the inter-rater reliability of state-of-theart Large Language Models (LLMs), ChatGPT-4o and ChatGPT-4.5-preview, in rating audio transcripts coded manually.We explored prompts and hyperparameters to optimize ",True
From Voices to Validity: Leveraging Large Language Models (LLMs) for Textual Analysis of Policy Stakeholder Interviews,2025,AERA Open,3,article,,10.1177/23328584251374595,"Alex Liu, Sun Min","Stakeholder feedback is essential for policymakers to evaluate and develop effective policies, but traditional qualitative analysis methods are often labor-intensive and time-consuming. This study investigates the use of Large Language Models (LLMs) like GPT-4 Turbo (GPT-4) with human expertise to analyze stakeholder interviews regarding K–12 education policy in a U.S. state. The research employed a mixed-methods approach where human experts developed a codebook and iterative prompts for GPT-4 t",True
Towards algorithmic framing analysis: expanding the scope by using LLMs,2025,Journal Of Big Data,3,article,,10.1186/s40537-025-01092-y,"Xianwen Kuang, Jun Liu, Haiyang Zhang et al.","Framing analysis, an extensively used, multi-disciplinary social science research method, requires substantial manpower and time to code and uncover human-level understanding of story contexts. However, recent advances in deep learning have led to a qualitative jump in algorithm-assisted methods, with large language models (LLMs) like BERT and GPT going beyond surface characteristics to infer the semantic properties of a text. In this study, we explore the application of the BERT for natural lan",True
Exploring Inductive and Deductive Qualitative Coding with AI: Investigating Inter-Rater Reliability between Large Language Model and Human Coders,2025,AHFE international,2,article,,10.54941/ahfe1006232,"H. Zhang, Chuhao Wu, Jingyi Xie et al.","Qualitative research provides valuable insights into complex human phenomena, but its coding processes are often time-intensive and labor-intensive. The advent of Large Language Models (LLMs) has introduced new opportunities to streamline qualitative analysis. This study investigates the application of LLMs in both inductive and deductive coding tasks using real-world datasets, assessing their ability to complement traditional coding methods. To address challenges such as privacy concerns, promp",True
United in Diversity? Contextual Biases in LLM-Based Predictions of the 2024 European Parliament Elections,2024,MADOC (University of Mannheim),1,preprint,2409.09045,10.48550/arxiv.2409.09045,"Leah von der Heyde, Anna‐Carolina Haensch, Alexander Wenz et al.","""Synthetic samples"" based on large language models (LLMs) have been argued to serve as efficient alternatives to surveys of humans, assuming that their training data includes information on human attitudes and behavior. However, LLM-synthetic samples might exhibit bias, for example due to training data and fine-tuning processes being unrepresentative of diverse contexts. Such biases risk reinforcing existing biases in research, policymaking, and society. Therefore, researchers need to investigat",True
Can a zero-shot learning Large Language Model code complex interview data?,2024,European Journal of Public Health,1,article,,10.1093/eurpub/ckae144.1121,"Elias Balt, Salim Salmi, Sandjai Bhulai et al.","Abstract Background Psychological autopsy is essential to establish theories, explore trends and identify previously unexplored psychosocial risk factors in suicide research. However, qualitative research has been scrutinized for being prone to interpretation bias, problems with accuracy, challenges to reproducibility, and is very time- and cost intensive. The current study aimed to investigate if a Large Language Model can achieve sufficient agreement with a researcher in the deductive coding o",True
Text Chunking for Document Classification for Urban System Management using Large Language Models,2025,ArXiv.org,1,preprint,2504.00274,10.48550/arxiv.2504.00274,"Joshua Rodriguez, Om Sanan, Guillermo Vizarreta-Luna et al.","Urban systems are managed using complex textual documentation that need coding and analysis to set requirements and evaluate built environment performance. This paper contributes to the study of applying large-language models (LLM) to qualitative coding activities to reduce resource requirements while maintaining comparable reliability to humans. Qualitative coding and assessment face challenges like resource limitations and bias, accuracy, and consistency between human evaluators. Here we repor",True
A six-phase AI-expert framework for evaluating policy coherence in sustainable tourism,2025,Information Technology & Tourism,1,article,,10.1007/s40558-025-00352-0,"Hrvoje Carić, Ante Mandić, Ivan Sever","This study introduces a six-phase AI–expert evaluation framework, grounded in computational interpretivism, to assess the coherence between national and international sustainable tourism policies, using the Croatian Strategy for Sustainable Tourism as a case study. Leveraging Anthropic Claude 3.5 Sonnet, a state-of-the-art generative AI model, the framework integrates natural language processing, vector-based similarity search, and expert validation to extract key policy areas, formulate evaluat",True
A game-changer for qualitative research: artificial intelligence as an efficient tool for analyzing student conceptions about microplastics,2026,Frontiers in Education,1,article,,10.3389/feduc.2026.1770878,"Justus Braune, Cathérine Conradty, Franz X. Bogner et al.",Qualitative content analysis of learners’ conceptions is due to large datasets time-consuming. This study examined the potential of a Large Language Model (LLM) to support and accelerate qualitative content analysis without compromising validity. Written responses from 180 bachelor students at two German universities to four open-ended questions on microplastics were analysed. ChatGPT was used to inductively develop categories and to assign responses. Two human expert coders conducted the same p,True
GPT Models for Text-Annotation: An Empirical Exploration in Public Policy Research,2024,,1,preprint,,10.31235/osf.io/6fpgj,"Alexander Churchill, Shamitha Pichika, Chengxin Xu et al.","Text annotation, the practice of labeling text following a predetermined scheme, is essential to qualitative researcher in public policy. Despite its importance utility, text annotation for policy research faces challenges of high labor and time costs, particularly when the size of the qualitative data is enormous. Recent Developments in large language models (LLMs), specifically models with generative pre-trained transformers (GPTs), shows a potential approach that may alleviate the burden of m",True
Assessing the Reliability of Large Language Models for Deductive Qualitative Coding: A Comparative Study of ChatGPT Interventions,2025,ArXiv.org,1,preprint,2507.14384,,"A Hila, Elliott Hauser","In this study, we investigate the use of large language models (LLMs), specifically ChatGPT, for structured deductive qualitative coding. While most current research emphasizes inductive coding applications, we address the underexplored potential of LLMs to perform deductive classification tasks aligned with established human-coded schemes. Using the Comparative Agendas Project (CAP) Master Codebook, we classified U.S. Supreme Court case summaries into 21 major policy domains. We tested four int",True
Human vs. LLM-Based Thematic Analysis for Digital Mental Health Research: Proof-of-Concept Comparative Study,2025,ArXiv.org,1,preprint,2507.08002,10.48550/arxiv.2507.08002,"Karisa Parkington, Bazen Gashaw Teferra, Marianne Rouleau-Tang et al.","Thematic analysis provides valuable insights into participants' experiences through coding and theme development, but its resource-intensive nature limits its use in large healthcare studies. Large language models (LLMs) can analyze text at scale and identify key content automatically, potentially addressing these challenges. However, their application in mental health interviews needs comparison with traditional human analysis. This study evaluates out-of-the-box and knowledge-base LLM-based th",True
Temperature and Persona Shape LLM Agent Consensus With Minimal Accuracy Gains in Qualitative Coding,2025,ArXiv.org,1,preprint,2507.11198,10.48550/arxiv.2507.11198,"Conrad Borchers, Bahar shahrokhian, Francesco Balzan et al.","Large Language Models (LLMs) enable new possibilities for qualitative research at scale, including annotation and qualitative coding of educational data. While LLM-based multi-agent systems (MAS) can emulate human coding workflows, their benefits over single LLM agents for coding remain poorly understood. To that end, we conducted an experimental study of how persona and temperature of component agents of a MAS shapes consensus-building and coding accuracy for dialog segments. LLMs were prompted",True
An Empirical Investigation into the Utility of Large Language Models in Open-Ended Survey Data Categorization,2025,,1,preprint,,10.31235/osf.io/wv6tk_v2,Chris Soria,"Can social scientists use large language models (LLMs) to code open-ended survey responses across complexity levels. This study uses the UC Berkeley Social Networks Study as a test case, comparing GPT-4o, Claude Sonnet 3.7, Llama 3.1 variant Sonnar Large, and Mistral Large against human annotators, we find the two proprietary models outperform open-source alternatives, achieving 97% accuracy on straightforward questions and 88-91% on complex interpretive tasks. However, open-source models still ",True
From Individual to Society: A Survey on Social Simulation Driven by Large Language Model-based Agents,2026,ACM Computing Surveys,1,preprint,2412.03563,10.1145/3800683,"Xinyi Mou, Xuanwen Ding, Qi He et al.","Traditional sociological research often relies on human participation, which, though effective, is expensive, challenging to scale, and with ethical concerns. Recent advancements in large language models (LLMs) highlight their potential to simulate human behavior, enabling the replication of individual responses and facilitating studies on many interdisciplinary studies. In this article, we conduct a comprehensive survey of this field, illustrating the recent progress in simulation driven by LLM",True
