id,authors,year,venue,arxiv,domain,task,subjectivity,expertise,judge_models,comparator,metric,metric_family,agreement,human_baseline,parity,verdict,verdict_label,reliability_score,biases,n,synthesis_role,finding
zheng2023mtbench,Zheng et al.,2023,NeurIPS,2306.05685,General NLG,pairwise-comparison,mixed,low,GPT-4,crowd+expert (human-human baseline),pct_agreement,raw-agreement,0.85,0.81,yes,1,Validated,5,position;verbosity;self-enhancement,3000.0,primary,GPT-4 vs human 85% (no ties) > human-human 81% on MT-Bench; 87%=87% on Arena.
chiang2023alt,Chiang & Lee,2023,ACL,2305.01937,General NLG,pointwise-scoring,subjective,low,GPT-4;InstructGPT,experts,pct_agreement,raw-agreement,,,approx,3,Mixed / task-dependent,3,instruction-sensitivity,,primary,LLM eval can mirror human ratings on story gen/adversarial but cannot fully replace; best combined.
liu2023geval,Liu et al.,2023,EMNLP,2303.16634,Summarization,pointwise-scoring,subjective,low,GPT-4,crowd,spearman,correlation,0.514,,approx,2,Promising (conditional),4,verbosity;low-perplexity preference,,primary,"G-Eval(GPT-4) Spearman 0.514 on SummEval, SOTA over prior metrics; still < perfect."
dubois2024lc,Dubois et al.,2024,arXiv,2404.04475,General NLG,pairwise-comparison,mixed,low,GPT-4,Chatbot Arena humans,winrate_corr,correlation,0.98,,yes,2,Promising (conditional),4,length/verbosity,,primary,Length-controlled AlpacaEval lifts corr with Arena 0.93->0.98 and removes length gameability.
verga2024poll,Verga et al.,2024,arXiv,2404.18796,General NLG,pairwise-comparison,mixed,low,Panel (Command-R;GPT-3.5;Haiku),human ratings,pct_agreement,raw-agreement,,,approx,2,Promising (conditional),4,intra-model bias (reduced by panel),,primary,"Panel-of-LLM-evaluators beats single GPT-4 judge, less bias, >7x cheaper."
kim2023prometheus,Kim et al.,2023,ICLR'24,2310.08491,General NLG,pointwise-scoring,subjective,low,Prometheus-13B,human,pearson,correlation,0.897,,yes,2,Promising (conditional),4,rubric-dependence,,primary,"Open 13B evaluator Pearson 0.897 with humans (45 rubrics) ~ GPT-4 0.882, >> ChatGPT 0.392."
kim2024prometheus2,Kim et al.,2024,arXiv,2405.01535,General NLG,pointwise-scoring,subjective,low,Prometheus-2,human+GPT-4,pearson,correlation,,,approx,2,Promising (conditional),4,rubric-dependence,,primary,Open evaluator narrows gap to proprietary judges on both scoring and pairwise.
zeng2024llmbar,Zeng et al.,2024,ICLR,2310.07641,Instruction Following,pairwise-comparison,mixed,low,GPT-4;Claude;PaLM2,author gold,accuracy,raw-agreement,,,approx,3,Mixed / task-dependent,3,superficial-quality preference (adversarial),419.0,primary,LLMBar: judges good on natural set but fooled by adversarial well-formatted wrong answers.
gu2024survey,Gu et al.,2024,arXiv,2411.15594,Methodology & Bias,survey,mixed,low,—,—,,,,,n.r.,3,Mixed / task-dependent,3,position;verbosity;social;cognitive,,secondary,Survey across Functionality/Methodology/Application/Meta-eval/Limitation; biases not fixed by prompt/scale.
li2024gen2judge,Li et al.,2024,EMNLP'25,2411.16594,Methodology & Bias,survey,mixed,low,—,—,,,,,n.r.,3,Mixed / task-dependent,3,bias;self-judging,,secondary,Taxonomy what/how/benchmark to judge; calls for co-judging (human-LLM) and bias mitigation.
li2024compsurvey,Li et al.,2024,arXiv,2412.05579,Methodology & Bias,survey,mixed,low,—,—,,,,,n.r.,3,Mixed / task-dependent,3,presentation;social;content;cognitive,,secondary,Comprehensive survey; pointwise/pairwise/listwise; reliability needs task-specific criteria.
tang2024tofueval,Tang et al.,2024,NAACL,2402.13249,Summarization,fact-verification,mixed,medium,GPT-4,expert,pct_agreement,raw-agreement,,,no,4,Caution / limited,2,miss hallucinations,1500.0,primary,TofuEval: LLM-based factual-consistency detectors (incl. GPT-4) still miss many doc-summary errors.
lee2024unisumeval,Lee et al.,2024,arXiv,2409.19898,Summarization,pointwise-scoring,mixed,medium,GPT-4o,human,pct_agreement,raw-agreement,,,approx,2,Promising (conditional),4,dimension-dependent,,primary,Fine-grained multi-dimensional summarization eval; LLM judges align better on faithfulness than coherence.
kocmi2023gemba,Kocmi & Federmann,2023,EAMT,2302.14520,Machine Translation,pointwise-scoring,objective,medium,GPT-3.5;GPT-4,MQM experts,kendall,correlation,,,approx,2,Promising (conditional),4,scale compression,,primary,GEMBA: GPT achieves SOTA system-level correlation with MQM; needs >=GPT-3.5.
kocmi2023gembamqm,Kocmi & Federmann,2023,WMT,2310.13988,Machine Translation,fact-verification,objective,medium,GPT-4,MQM experts,pct_agreement,raw-agreement,0.965,,yes,1,Validated,5,—,,primary,"GEMBA-MQM 96.5% system-level pairwise accuracy (WMT23); reliable at SYSTEM level, NOT segment level."
wei2024safe,Wei et al.,2024,NeurIPS,2403.18802,QA & Factuality,fact-verification,objective,low,GPT (SAFE agent),crowd,pct_agreement,raw-agreement,0.72,,yes,2,Promising (conditional),4,search-dependence,16011.0,primary,"SAFE agrees with crowd 72%, wins 76% of disagreements, >20x cheaper; superhuman on a subset."
min2023factscore,Min et al.,2023,EMNLP,2305.14251,QA & Factuality,fact-verification,objective,medium,GPT-3.5+retrieval,human,pct_agreement,raw-agreement,,,approx,2,Promising (conditional),4,retrieval-dependence,,primary,FActScore automated estimator <2% error vs human factual-precision judgments (with retrieval).
madaan2024refverdict,Reference-Guided Verdict authors,2024,arXiv,2408.09235,QA & Factuality,pointwise-scoring,mixed,low,Multi-LLM,human,pct_agreement,raw-agreement,,,approx,2,Promising (conditional),4,—,,primary,Reference-guided multi-judge improves agreement with humans on free-form QA over single judge.
es2023ragas,Es et al.,2023,EACL'24,2309.15217,RAG,pointwise-scoring,mixed,low,GPT-3.5,human (WikiEval),pct_agreement,raw-agreement,,,approx,3,Mixed / task-dependent,3,context-sensitivity,,primary,RAGAS reference-free faithfulness/relevance correlate with human but unstable across pipelines.
saadfalcon2023ares,Saad-Falcon et al.,2023,NAACL'24,2311.09476,RAG,classification-annotation,mixed,low,fine-tuned LLM judges,human (PPI),accuracy,raw-agreement,,,approx,2,Promising (conditional),4,domain-shift,,primary,ARES + prediction-powered inference ranks RAG systems accurately; needs small human-labeled set.
jin2024ragreward,Jin et al.,2024,arXiv,2412.13746,RAG,pairwise-comparison,mixed,low,reward/LLM judges,human,accuracy,raw-agreement,,,no,3,Mixed / task-dependent,3,faithfulness vs helpfulness conflict,,primary,"RAG-RewardBench: judges struggle to jointly reward faithfulness, relevance and citation."
tong2024codejudge,Tong et al.,2024,EMNLP,2410.02184,Code & SW Eng,classification-annotation,objective,medium,GPT-3.5;Llama-3-8B,execution/tests,accuracy,raw-agreement,,,approx,2,Promising (conditional),4,no-execution blind spots,,primary,"CodeJudge evaluates semantic correctness without tests, beating prior LLM-eval methods."
zhuo2025codejudgeeff,Wang et al.,2025,arXiv,2507.16587,Code & SW Eng,pointwise-scoring,objective,medium,GPT-4o;open,developer,kappa,chance-corrected,,,approx,3,Mixed / task-dependent,3,verbosity;position,,primary,LLM-as-judge for code gen/summarization: useful but agreement varies by language and metric.
watson2024aicodereview,Watson et al.,2024,arXiv,2404.18496,Code & SW Eng,classification-annotation,objective,medium,GPT-3.5/4,developer,pct_agreement,raw-agreement,,,no,3,Mixed / task-dependent,3,verbosity;hallucinated issues,,primary,LLM code review surfaces real issues but with many false positives; first-pass only.
overcorrect2026,Jin et al.,2026,arXiv,2603.00539,Code & SW Eng,classification-annotation,objective,medium,GPT-4o;Claude;open,spec gold,accuracy,raw-agreement,,,no,4,Caution / limited,2,overcorrection;false-rejection;instability,,primary,Systematic OVER-correction: judges misclassify correct code as non-conformant; more prompting -> more errors.
biasloop2026,Zhao et al.,2026,arXiv,2604.16790,Code & SW Eng,pairwise-comparison,objective,medium,multiple,developer,pct_agreement,raw-agreement,,,no,4,Caution / limited,2,position;verbosity;format,,primary,Audit of LLM-as-judge for SE finds pervasive position/verbosity/format bias in code judgments.
codespec2025,Jin et al.,2025,arXiv,2508.12358,Code & SW Eng,fact-verification,objective,high,GPT-4o;open,spec gold,accuracy,raw-agreement,,,no,4,Caution / limited,2,spec-grounding failure,,primary,LLMs systematically fail to verify code against natural-language specifications.
tan2024judgebench,Tan et al.,2024,ICLR'25,2410.12784,Reasoning & Math,pairwise-comparison,objective,high,GPT-4o;Claude;Gemini;o1,verified gold,accuracy,raw-agreement,0.55,0.5,no,4,Caution / limited,2,knowledge/reasoning blind spots,350.0,primary,JudgeBench: many strong judges barely beat random on hard reasoning; math more tractable than knowledge.
raju2024calc2adj,Raju et al.,2024,arXiv,2409.04168,Reasoning & Math,fact-verification,objective,high,GPT-4;open,gold answers,accuracy,raw-agreement,,,no,3,Mixed / task-dependent,3,process vs answer confusion,,primary,"Judges on math reasoning ok at final-answer checking, weaker at step/process adjudication."
mathrobust2026,Yosef et al.,2026,arXiv,2604.22597,Reasoning & Math,fact-verification,objective,high,GPT-4o;open,gold,accuracy,raw-agreement,,,approx,3,Mixed / task-dependent,3,symbolic rigidity,,primary,Robust math LLM-judge beyond symbolic matching improves agreement with human correctness labels.
thomas2024relevance,Thomas et al.,2024,SIGIR,2309.10621,IR & Relevance,classification-annotation,mixed,low,GPT-4,crowd+expert,kappa,chance-corrected,,,yes,1,Validated,5,prompt-sensitivity,,primary,"LLM relevance labels match human labellers; Cohen kappa ~ inter-human; better than third-party workers, cheaper."
upadhyay2024largescale,Upadhyay et al.,2024,arXiv,2411.08275,IR & Relevance,classification-annotation,mixed,low,GPT-4,TREC assessors,kappa,chance-corrected,,,approx,2,Promising (conditional),4,—,,primary,Large-scale TREC study: LLM assessments largely reproduce system rankings; some divergence on borderline docs.
faggioli2023perspectives,Faggioli et al.,2023,ICTIR,2304.09161,IR & Relevance,classification-annotation,mixed,low,GPT-3.5/4,assessors,kappa,chance-corrected,,,approx,2,Promising (conditional),4,—,,primary,Perspectives paper: LLM relevance judgments promising; advocates human oversight for high-stakes IR.
gilardi2023chatgpt,Gilardi et al.,2023,PNAS,2303.15056,Social-Science Annotation,classification-annotation,mixed,low,ChatGPT,MTurk crowd + trained,accuracy,raw-agreement,,,yes,1,Validated,5,—,6183.0,primary,ChatGPT +25pp accuracy over MTurk on relevance/stance/topic/frame; intercoder agreement > crowd & trained.
tornberg2025political,Törnberg,2025,Soc. Sci. Comp. Rev.,2304.06588,Social-Science Annotation,classification-annotation,mixed,medium,GPT-4,expert coders + supervised,accuracy,raw-agreement,,,yes,1,Validated,5,—,,primary,LLMs outperform expert coders and supervised classifiers at annotating political social-media messages.
pangakis2023validation,Pangakis et al.,2023,arXiv,2306.00176,Social-Science Annotation,classification-annotation,mixed,medium,GPT-4,SME,f1,raw-agreement,0.707,,no,3,Mixed / task-dependent,3,task-contingent variance,,primary,"27 tasks/11 datasets: accuracy median 0.85, F1 median 0.707; 8 tasks high, 9 low. MUST validate per task."
ziems2024css,Ziems et al.,2024,Comput. Linguistics,2305.03514,Social-Science Annotation,classification-annotation,mixed,medium,GPT-3.5/4,gold,accuracy,raw-agreement,,,no,3,Mixed / task-dependent,3,construct-dependent,,primary,"CSS: LLMs strong zero-shot on some constructs, far from human on nuanced/contextual ones."
reiss2023testing,Reiss,2023,arXiv,2304.11085,Social-Science Annotation,classification-annotation,mixed,low,ChatGPT,gold,pct_agreement,raw-agreement,,,no,4,Caution / limited,2,prompt instability;non-determinism,,primary,Reliability of ChatGPT text annotation is fragile to prompt/temperature; caution against naive use.
pangakis2024keephumans,Pangakis & Wolken,2024,ICWSM,2409.09467,Social-Science Annotation,classification-annotation,mixed,medium,GPT-4,human,f1,raw-agreement,,,approx,2,Promising (conditional),4,—,,primary,"Human-centered workflow: validate on a labeled subset, then automate; near-human label quality achievable."
zhang2023sentiment,Zhang et al.,2023,arXiv,2304.04339,Sentiment & Emotion,classification-annotation,mixed,low,ChatGPT,gold,accuracy,raw-agreement,,,no,3,Mixed / task-dependent,3,—,,primary,"Good at sentiment polarity; weaker on fine-grained aspect-based extraction (E2E-ABSA, CEE)."
belal2023sentiment,Belal et al.,2023,arXiv,2306.17177,Sentiment & Emotion,classification-annotation,mixed,low,ChatGPT,gold,accuracy,raw-agreement,,,approx,2,Promising (conditional),4,—,,primary,ChatGPT as sentiment annotation tool reaches high accuracy with cost/time advantages.
hatespeechanno2025,authors,2025,arXiv,2512.09662,Content Moderation & Toxicity,classification-annotation,subjective,medium,GPT-4-class,human,kappa,chance-corrected,,,no,4,Caution / limited,2,subjectivity;cannot capture lived experience,,primary,LLMs cannot fully replace humans for subjective hate-speech; still diverge even with subjectivity-aware framing.
icwsm2025hatebias,Giorgi et al.,2025,ICWSM,2410.07991,Content Moderation & Toxicity,classification-annotation,subjective,medium,LLMs,socio-demographically diverse humans,kappa,chance-corrected,,,no,4,Caution / limited,2,socio-demographic bias,,primary,Both human and LLM hate-speech annotations carry socio-demographic biases; targets/annotators matter.
hatespeechprobe2023,Roy et al.,2023,EMNLP-F,2310.12860,Content Moderation & Toxicity,classification-annotation,subjective,medium,GPT-3.5,gold,f1,raw-agreement,,,no,3,Mixed / task-dependent,3,blind to implicit/coded abuse,,primary,"LLMs better on explicit than implicit/coded hate; vulnerable, relabeling agreement poor."
szymanski2025limits,Szymanski et al.,2025,IUI,2410.20266,Medicine & Clinical,pairwise-comparison,subjective,high,GPT-4-class,SME (dietetics;mental health),pct_agreement,raw-agreement,0.66,,no,4,Caution / limited,2,expert-misalignment;expert-persona effect,,primary,SMEs agree with LLM judges only 68% (dietetics)/64% (mental health); LLM judges unreliable for expert tasks.
medjudge2026scoping,Li et al.,2026,arXiv,2604.25933,Medicine & Clinical,review,mixed,high,GPT-family (73.5%),experts,,,,,n.r.,4,Caution / limited,2,no bias-testing in 73.5%;26.5% no human validator,,secondary,"PRISMA-ScR (49 studies): 75.5% benchmarking, 85.7% pointwise; risk-of-bias absent in 73.5%; needs governance."
clinstruct2025,Brake et al.,2025,medRxiv,2025.08.14,Medicine & Clinical,pointwise-scoring,mixed,high,GPT-o3-mini,clinicians,icc,correlation,0.818,,approx,3,Mixed / task-dependent,3,structure-dependent,,primary,"ICC 0.818 overall; structured docs 0.82-0.93, semi-structured 0.64-0.79, complex reasoning 0.47-0.71."
llmevalmed2025,Zhang et al.,2025,arXiv,2506.04078,Medicine & Clinical,pointwise-scoring,mixed,high,medical LLM judges,physicians,pct_agreement,raw-agreement,,,approx,3,Mixed / task-dependent,3,—,,primary,LLMEval-Med: real-world clinical benchmark with physician validation; agreement varies by criterion.
sun2023radimpressions,Sun et al.,2023,Radiology,radiology231259,Medicine & Clinical,pointwise-scoring,mixed,high,GPT-4,radiologists,pct_agreement,raw-agreement,,,no,4,Caution / limited,2,—,,primary,Radiologists score GPT-4 impressions lower than human ones; some referring physicians prefer GPT-4.
brain2024radgpt,Mitsuyama et al.,2024,Eur. Radiol.,s00330-024-11032-8,Medicine & Clinical,classification-annotation,objective,high,GPT-4,radiologists,accuracy,raw-agreement,0.94,,approx,3,Mixed / task-dependent,3,—,,primary,"GPT-4 differential-diagnosis accuracy 93-95% from reports, no significant difference vs radiologists."
healthbench2025,Arora et al. (OpenAI),2025,arXiv,2505.08775,Medicine & Clinical,pointwise-scoring,mixed,high,model grader,262 physicians,pct_agreement,raw-agreement,,,approx,2,Promising (conditional),4,—,5000.0,primary,"HealthBench: 48,562 clinician criteria; model grader shows high concordance with physician ratings."
clindialog2026,Sun et al.,2026,arXiv,2603.00314,Medicine & Clinical,pointwise-scoring,subjective,high,LLM judges,clinicians,pct_agreement,raw-agreement,,,no,3,Mixed / task-dependent,3,metric disagreement,,primary,Automatic similarity and LLM-as-judge disagree on clinical dialogue; neither alone reliable.
frenchmedqa2026,Belmadani et al.,2026,arXiv,2603.04033,Medicine & Clinical,pointwise-scoring,mixed,high,LLM judges,physicians,kappa,chance-corrected,,,no,3,Mixed / task-dependent,3,language+domain compounding,,primary,French medical open-ended QA: judge reliability degrades with language + clinical specificity.
mhtrust2025,Badawi et al.,2025,arXiv,2510.19032,Mental Health,pointwise-scoring,subjective,high,LLM judges,experts,icc,correlation,,,no,3,Mixed / task-dependent,3,score inflation;cognitive-affective gap,,primary,"Reliable for cognitive attributes (guidance, safety, interpretation), unreliable for empathy/affect; inflated scores."
counselbench2025,Li et al.,2025,arXiv,2506.08584,Mental Health,pointwise-scoring,subjective,high,GPT-4-class,mental-health experts,pct_agreement,raw-agreement,,,no,4,Caution / limited,2,inflation;adversarial fragility,,primary,CounselBench: expert evaluation + adversarial probes expose unreliable LLM judging in counseling.
mhsupport2026,Badawi et al.,2026,arXiv,2601.18630,Mental Health,pointwise-scoring,subjective,high,LLM judges,multi-attribute human,icc,correlation,,,no,3,Mixed / task-dependent,3,affective misattunement,,primary,Multi-attribute human eval: LLM support judged structured/safe but emotionally misattuned.
lemaj2025,Enguehard et al.,2025,arXiv,2510.07243,Legal,pointwise-scoring,mixed,high,GPT-4-class,lawyers,pct_agreement,raw-agreement,,,approx,3,Mixed / task-dependent,3,—,,primary,LeMAJ: decomposing answers into Legal Data Points raises correlation with expert lawyers and IAA.
legaldocrec2025,Pradhan et al.,2025,RecSys-W,2509.12382,Legal,ranking,mixed,high,GPT-4o,legal experts,spearman,correlation,0.73,,approx,2,Promising (conditional),4,—,,primary,"Legal doc recommendation: GPT-4o Spearman 0.73, Gwet AC2 0.78 vs expert rankings."
trident2025,Hui et al.,2025,arXiv,2507.21134,Finance,classification-annotation,mixed,high,LLM judges,3 experts (unanimous),pct_agreement,raw-agreement,,,approx,3,Mixed / task-dependent,3,—,,primary,TRIDENT safety benchmark (finance/medicine/law): strict unanimous expert gold; judges partial.
bizfinbench2025,Lu et al.,2025,arXiv,2505.19457,Finance,pointwise-scoring,mixed,high,LLM judges,experts (high IAA),pct_agreement,raw-agreement,,,approx,3,Mixed / task-dependent,3,—,,primary,"Business-driven financial benchmark; expert-annotated; LLM-judge alignment moderate, capability-bound."
mizumoto2023aes,Mizumoto & Eguchi,2023,Res. Methods App. Ling.,2306.00622,Education & Grading,pointwise-scoring,mixed,medium,GPT-3.5/4,human raters,qwk,chance-corrected,0.74,,approx,2,Promising (conditional),4,—,,primary,Automated essay scoring with GPT reaches QWK ~0.67-0.80 across settings; near human agreement.
aescomparative2024,Lee et al.,2024,arXiv,2407.05733,Education & Grading,pointwise-scoring,subjective,medium,GPT-4,human raters,qwk,chance-corrected,0.5677,0.6573,no,3,Mixed / task-dependent,3,below human ceiling,,primary,GPT-4 best QWK 0.57 < human baseline 0.66; alone insufficient for AES.
k12shortanswer2024,Henkel et al.,2024,arXiv,2405.02985,Education & Grading,classification-annotation,objective,medium,GPT-4,teachers,kappa,chance-corrected,0.7,0.75,approx,2,Promising (conditional),4,overestimation,,primary,K-12 short-answer marking: GPT-4 few-shot kappa 0.70 close to human 0.75.
asagfair2025,Henkel et al.,2025,Comp.&Educ.:AI,S2666920X25000682,Education & Grading,pointwise-scoring,mixed,medium,GPT-4;Gemini,human,kappa,chance-corrected,,,no,3,Mixed / task-dependent,3,systematic overestimation;fairness,,primary,ASAG: GPT-4 consistent but slight agreement and systematic over-scoring; needs human moderation.
sefl2025feedback,authors,2025,arXiv,2502.12927,Education & Grading,pointwise-scoring,subjective,medium,GPT-4.1,experts,f1,raw-agreement,,,approx,2,Promising (conditional),4,—,,primary,Fine-tuned/few-shot GPT-4.1 matches human experts evaluating tutor feedback quality.
k12sci2026,He et al.,2026,arXiv,2602.13243,Education & Grading,pointwise-scoring,mixed,medium,multi-LLM,experts,pct_agreement,raw-agreement,,,approx,2,Promising (conditional),4,—,,primary,Human validation of multi-LLM evaluation of K-12 science materials shows usable agreement.
studentsjudge2025,Banihashem et al.,2025,Comp.&Educ.:AI,S2666920X25001730,Education & Grading,pointwise-scoring,subjective,medium,LLM,experts+students,pct_agreement,raw-agreement,,,no,3,Mixed / task-dependent,3,—,,primary,Pedagogical quality of AI vs human formative feedback: experts and AI diverge on nuanced pedagogy.
chakrabarty2024artartifice,Chakrabarty et al.,2024,CHI,2309.14556,Creative Writing,pointwise-scoring,subjective,high,GPT-4,expert writers (TTCW),pearson,correlation,0.1,,no,5,Unreliable,1,linguistic vs semantic complexity,,primary,LLM creativity ratings near-zero correlation with expert TTCW judgments; experts judge differently.
litbench2025,Fein et al.,2025,arXiv,2507.00769,Creative Writing,pairwise-comparison,subjective,medium,Claude-3.7;reward models,human preference,pct_agreement,raw-agreement,0.78,,no,3,Mixed / task-dependent,3,—,,primary,LitBench: off-the-shelf Claude-3.7 73% agreement; trained reward models 78% with human preferences.
ismayilzada2024creative,Ismayilzada et al.,2024,ICCC'25,2411.02316,Creative Writing,pointwise-scoring,subjective,high,LLMs+non-experts+experts,experts,pct_agreement,raw-agreement,,,no,4,Caution / limited,2,length-driven (non-experts/LLMs),,primary,Non-experts and LLMs rate by linguistic complexity; only experts capture semantic creativity.
creativeevalmdpi2025,Kim et al.,2025,Appl. Sci.,appl15062971,Creative Writing,pointwise-scoring,subjective,medium,GPT-4,human,spearman,correlation,,,no,3,Mixed / task-dependent,3,—,,primary,"LLMs as creative-writing evaluators: moderate alignment, struggle with originality/voice."
liang2024feedback,Liang et al.,2024,NEJM AI,2310.01783,Peer Review & Science,pointwise-scoring,mixed,high,GPT-4,human reviewers,pct_agreement,raw-agreement,,,approx,3,Mixed / task-dependent,3,generic comments,,primary,GPT-4 review feedback overlaps human points ~ as much as two humans overlap; useful but shallow.
chatgptreviewers2024,Ho et al.,2024,Comp. Biol. Med.,S0169260724003067,Peer Review & Science,pointwise-scoring,mixed,high,ChatGPT (GPT-4),reviewers,pct_agreement,raw-agreement,0.067,,no,4,Caution / limited,2,low concordance,,primary,ChatGPT complete agreement with human reviewer comments only 6.7%; limited emulation of reviewers.
murad2024quality,Tarakji et al.,2024,BMC Med Res Methodol,s12874-024-02372-6,Peer Review & Science,classification-annotation,objective,high,GPT-4,methodologists,pct_agreement,raw-agreement,0.61,,approx,3,Mixed / task-dependent,3,—,,primary,GPT-4 vs humans appraising case-report quality: 41.9-80.9% agreement across items (Murad tool).
prismascreen2024,Guo et al.,2024,Int J Med Inform,S1386505624001941,Peer Review & Science,classification-annotation,objective,medium,GPT-4,reviewers,kappa,chance-corrected,0.91,,yes,1,Validated,5,—,,primary,GPT-4 as added reviewer in PRISMA SLR abstract screening: near-perfect agreement (Cohen kappa >0.9).
chen2024mllmjudge,Chen et al.,2024,ICML,2402.04788,Multimodal (Vision-Language),pairwise-comparison,mixed,low,GPT-4V,human,pct_agreement,raw-agreement,0.793,,approx,3,Mixed / task-dependent,3,hallucination;egocentric;position,,primary,MLLM-as-a-Judge: pairwise 79.3% human agreement but scoring/ranking much weaker; many biases.
lee2024promvision,Lee et al.,2024,ACL-F,2401.06591,Multimodal (Vision-Language),pointwise-scoring,mixed,low,Prometheus-Vision,human+GPT-4V,pearson,correlation,,,approx,3,Mixed / task-dependent,3,—,,primary,Open VLM evaluator correlates with humans on fine-grained image-response scoring.
lu2024wildvision,Lu et al.,2024,NeurIPS,2406.11069,Multimodal (Vision-Language),pairwise-comparison,mixed,low,GPT-4o,in-the-wild humans,pct_agreement,raw-agreement,,,approx,2,Promising (conditional),4,—,,primary,WildVision Arena: VLM judges approximate human preference rankings on real multimodal chats.
yasunaga2025mmrewardbench,Yasunaga et al.,2025,arXiv,2502.14191,Multimodal (Vision-Language),pairwise-comparison,mixed,low,Gemini-1.5;Claude-3.5,human,accuracy,raw-agreement,0.72,,no,4,Caution / limited,2,—,,primary,Multimodal RewardBench: even top VLMs reach only 72% accuracy vs human preference.
lin2024vqascore,Lin et al.,2024,ECCV,2406.13743,Text-to-Image,pointwise-scoring,mixed,low,CLIP-FlanT5 (VQAScore),40k human ratings,pearson,correlation,,,approx,2,Promising (conditional),4,compositional reasoning gaps,40000.0,primary,VQAScore beats CLIPScore/PickScore/HPSv2/ImageReward at matching human T2I alignment ratings.
wu2023hpsv2,Wu et al.,2023,arXiv,2306.09341,Text-to-Image,pointwise-scoring,subjective,low,HPS v2 model,798k human prefs,accuracy,raw-agreement,,,approx,2,Promising (conditional),4,—,798090.0,primary,Human Preference Score v2 predicts human T2I preferences; trained on large human-rating corpus.
multiljudge2025,Fu et al.,2025,arXiv,2505.12201,Multilingual,pointwise-scoring,mixed,medium,multilingual LLMs;Aya,human,pct_agreement,raw-agreement,,,no,4,Caution / limited,2,low-resource degradation;middle-score bias,,primary,Judges inconsistent across languages; low-resource much worse; scale/multilingual training don't fix it.
mmeval2024,Son et al.,2024,arXiv,2410.17578,Multilingual,pairwise-comparison,mixed,medium,LLM judges;reward models,human,accuracy,raw-agreement,,,no,3,Mixed / task-dependent,3,language transfer gaps,,primary,"MM-Eval multilingual meta-eval: judges drop on non-English, esp. low-resource and linguistics subsets."
reliablemulti2026,Zubiaga et al.,2026,arXiv,2605.28710,Multilingual,pointwise-scoring,mixed,medium,LLM judges,human,pct_agreement,raw-agreement,,,no,4,Caution / limited,2,cross-lingual inconsistency,,primary,Empirical study: multilingual LLM judges remain unreliable; ensembles/fine-tuning partially help.
lambert2024rewardbench,Lambert et al.,2024,arXiv,2403.13787,Reward Modeling,pairwise-comparison,mixed,low,reward models;LLM judges,human pref pairs,accuracy,raw-agreement,,,approx,3,Mixed / task-dependent,3,—,,primary,RewardBench: chosen/rejected accuracy varies widely; safety/reasoning hardest; weak link to downstream.
ifreward2026,Wen et al.,2026,arXiv,2603.04738,Reward Modeling,ranking,objective,low,Gemini-3-Pro;judges,human,kendall,correlation,0.609,0.755,no,4,Caution / limited,2,—,,primary,IF-RewardBench: best judge Kendall 0.609 << human 0.755 ranking instruction-following responses.
politicaltruths2024,Chatrath et al.,2024,arXiv,2411.05775,Fact-Checking,classification-annotation,mixed,medium,LLMs,human,pct_agreement,raw-agreement,,,no,3,Mixed / task-dependent,3,acceptance leniency,,primary,LLMs as political-truth annotators: looser than humans on vague claims; mixed reliability.
factsopinions2025,Saju et al.,2025,arXiv,2506.03655,Fact-Checking,classification-annotation,mixed,medium,multiple LLMs,human,accuracy,raw-agreement,,,no,4,Caution / limited,2,Dunning-Kruger confidence,,primary,Multilingual fact-checking: facts harder than opinions; small models overconfident & inaccurate.
claimmatch2023,Choi et al.,2023,arXiv,2310.09223,Fact-Checking,classification-annotation,mixed,medium,LLMs,fact-checkers,pct_agreement,raw-agreement,,,approx,2,Promising (conditional),4,—,,primary,LLM claim-matching comparable to human ratings; fine-tuned rivals large pre-trained.
zhou2023ifeval,Zhou et al.,2023,arXiv,2311.07911,Instruction Following,fact-verification,objective,low,programmatic verifier,gold constraints,accuracy,raw-agreement,,,yes,1,Validated,5,—,541.0,primary,IFEval: verifiable constraints enable objective auto-eval WITHOUT an LLM judge (no judge bias).
ifcritic2025,Wen et al.,2025,arXiv,2511.01014,Instruction Following,classification-annotation,mixed,low,IF-Critic,human,pct_agreement,raw-agreement,,,approx,2,Promising (conditional),4,—,,primary,Fine-grained instruction-following critic improves per-requirement agreement with humans.
qualcoding2025jla,Xiao et al.,2025,J. Learning Analytics,jla8575,Qualitative Coding,classification-annotation,subjective,medium,GPT-4,human coders,fleiss_kappa,chance-corrected,0.46,,no,3,Mixed / task-dependent,3,construct-dependent,,primary,Human-GPT-4 Fleiss kappa ~0.46 (moderate); GPT-4 self-consistency ~0.87 (>human); hybrid advised.
qualigpt2024,Zhang et al.,2024,arXiv,2407.14925,Qualitative Coding,classification-annotation,subjective,medium,GPT (QualiGPT),researchers,pct_agreement,raw-agreement,,,approx,3,Mixed / task-dependent,3,—,,primary,"QualiGPT supports qualitative coding; agreement adequate for deductive codebooks, weaker inductively."
thematic2025charity,Wen et al.,2025,AI & Society,s00146-025-02487-4,Qualitative Coding,classification-annotation,subjective,medium,GPT-4,researchers,pct_agreement,raw-agreement,,,approx,3,Mixed / task-dependent,3,—,,primary,Thematic analysis case study: GPT-4 accelerates coding with reasonable but imperfect theme overlap.
ner2024augment,Naraki et al.,2024,arXiv,2404.01334,Information Extraction (NER/NLI),classification-annotation,objective,medium,GPT-4,gold,f1,raw-agreement,,,approx,2,Promising (conditional),4,—,,primary,LLM pre-annotation + human refinement improves NER datasets cost-effectively (hybrid).
nli2024labeldist,Chen et al.,2024,arXiv,2412.13942,Information Extraction (NER/NLI),classification-annotation,mixed,medium,GPT-4,human label distributions,pearson,correlation,,,approx,2,Promising (conditional),4,—,,primary,LLM explanations are good proxies for human explanations to recover NLI label distributions.
humanllmcollab2024,Wang et al.,2024,CHI,3613904.3641960,Information Extraction (NER/NLI),classification-annotation,mixed,medium,LLM,human,pct_agreement,raw-agreement,,,approx,2,Promising (conditional),4,—,,primary,Collaborative annotation: verify LLM labels selectively to reach high quality at lower human cost.
mirzakhmedova2024argument,Mirzakhmedova et al.,2024,COMMA,2404.09696,Argument Quality,pointwise-scoring,subjective,high,GPT-4,argument experts,pct_agreement,raw-agreement,,,approx,3,Mixed / task-dependent,3,gender bias,,primary,"LLMs moderately agree with experts on argument quality and show HIGHER IAA than humans, but gender bias."
panickssery2024selfpref,Panickssery et al.,2024,NeurIPS,2404.13076,Methodology & Bias,pairwise-comparison,mixed,low,GPT-4;Llama-2,human-equal pairs,pct_agreement,raw-agreement,,,no,4,Caution / limited,2,self-preference;self-recognition,,primary,LLMs favor own generations even when humans rate them equal; self-recognition correlates with self-preference.
stureborg2024inconsistent,Stureborg et al.,2024,arXiv,2405.01724,Methodology & Bias,pointwise-scoring,mixed,low,GPT-3.5/4,gold,pct_agreement,raw-agreement,,,no,4,Caution / limited,2,familiarity(low-perplexity);skewed ratings;anchoring;low inter-sample agreement,,primary,LLM evaluators are inconsistent and biased; sensitive to trivial prompt changes.
koo2024cobbler,Koo et al.,2024,ACL-F,2309.17012,Methodology & Bias,pairwise-comparison,mixed,low,16 LLMs,human ranking,winrate_corr,correlation,0.44,,no,4,Caution / limited,2,order;egocentric;bandwagon;attentional;compassion-fade;verbosity,,primary,CoBBLEr: ~40% of comparisons biased; Rank-Biased Overlap with humans only 44%.
chen2024humansorllms,Chen et al.,2024,EMNLP,2402.10669,Methodology & Bias,pairwise-comparison,mixed,low,GPT-4;humans,perturbation probes,pct_agreement,raw-agreement,,,no,4,Caution / limited,2,misinformation-oversight;gender;authority;beauty,,primary,Both human AND LLM judges biased & attackable; cutting-edge judges still carry considerable bias.
feuer2024style,Feuer et al.,2024,arXiv,2409.15268,Methodology & Bias,pairwise-comparison,mixed,low,LLM judges,ground-truth capabilities,pct_agreement,raw-agreement,,,no,4,Caution / limited,2,style-over-substance;lenient on factual errors,,primary,Judges reward style/completeness; correctness & safety are weak predictors of their scores.
raina2024robust,Raina et al.,2024,arXiv,2402.14016,Methodology & Bias,pointwise-scoring,objective,low,FlanT5;ChatGPT,—,pct_agreement,raw-agreement,,,no,5,Unreliable,1,adversarial inflation (4-word universal phrase),,primary,Short universal adversarial phrases inflate judge scores; absolute scoring far less robust than comparative.
shankar2024validators,Shankar et al.,2024,UIST,2404.12272,Methodology & Bias,pointwise-scoring,subjective,low,LLM graders,developer prefs,pct_agreement,raw-agreement,,,no,3,Mixed / task-dependent,3,criteria drift,,primary,EvalGen: aligning LLM evaluators needs human grading; 'criteria drift' makes fixed rubrics insufficient.
temperature2026,Li et al.,2026,arXiv,2603.28304,Methodology & Bias,pointwise-scoring,mixed,low,LLM judges,self/gold,pct_agreement,raw-agreement,,,no,3,Mixed / task-dependent,3,non-determinism;temperature,,primary,"Temperature strongly governs judge consistency; low temp near-deterministic, high temp error surges."
justice2024prejudice,Ye et al.,2024,arXiv,2410.02736,Methodology & Bias,pairwise-comparison,mixed,low,LLM judges,attack probes,pct_agreement,raw-agreement,,,no,4,Caution / limited,2,12 bias types quantified,,primary,CALM framework quantifies 12 judge biases; even best judges show non-trivial attack success.
calderon2025alttest,Calderon et al.,2025,ACL,2501.10970,Methodology & Bias,classification-annotation,mixed,medium,6 LLMs (GPT-4o best),multiple humans (leave-one-out),pct_agreement,raw-agreement,,,approx,2,Promising (conditional),4,—,,primary,"alt-test: leave-one-out statistical test for justified replacement; LLMs sometimes pass, closed-source best."
bavaresco2024judgebench,Bavaresco et al.,2024,NAACL'25,2406.18403,Methodology & Bias,classification-annotation,mixed,medium,11 LLMs (GPT-4o best),human (expert+non-expert),kappa,chance-corrected,0.28,,no,3,Mixed / task-dependent,3,favors non-experts;favors human-written text;CoT no help,,secondary,"JUDGE-BENCH (20 tasks): GPT-4o categorical kappa 0.28+-0.32, graded rho 0.50+-0.21; NOT ready to replace humans."
judgesverdict2025,Han et al.,2025,arXiv,2510.09738,Methodology & Bias,pointwise-scoring,objective,low,54 LLMs,human,kappa,chance-corrected,,,approx,2,Promising (conditional),4,super-consistency,,secondary,Judge's Verdict: 27/54 judges reach Tier-1; some judge MORE consistently than typical humans (Turing test for judges).
imrit2026iaa,James et al.,2026,arXiv,2603.06865,Methodology & Bias,review,subjective,low,—,—,krippendorff_alpha,chance-corrected,,,n.r.,3,Mixed / task-dependent,3,metric-choice sensitivity,,secondary,"Guidance on IAA metric choice; subjective tasks (e.g., sarcasm) human alpha often <0.35 (low human ceiling)."
wang2023chatgptnlg,Wang et al.,2023,NewSum@AACL,2303.04048,General NLG,pointwise-scoring,subjective,low,ChatGPT,human/gold,spearman,correlation,,,approx,3,Mixed / task-dependent,3,task-dependent,,primary,ChatGPT as NLG evaluator correlates with humans on some tasks but trails fine-tuned metrics; preliminary.
shen2023notyet,Shen et al.,2023,EMNLP-F,2305.13091,Summarization,pointwise-scoring,subjective,medium,ChatGPT;GPT-3.5,human,spearman,correlation,,,no,4,Caution / limited,2,instability;below human level,,primary,"LLMs are NOT yet human-level evaluators for abstractive summarization; unstable, sensitive to setup."
xu2023instructscore,Xu et al.,2023,EMNLP,2305.14282,General NLG,pointwise-scoring,mixed,low,fine-tuned LLaMA,human,pearson,correlation,,,approx,2,Promising (conditional),4,—,,primary,INSTRUCTSCORE: explainable fine-tuned evaluator with diagnostic feedback; strong human correlation.
zhang2024newssumm,Zhang et al.,2024,TACL,2301.13848,Summarization,pointwise-scoring,subjective,medium,instruction-tuned LLMs,freelance writers,pct_agreement,raw-agreement,,,approx,2,Promising (conditional),4,low-quality references,,primary,Instruction-tuned LLM news summaries rated comparable to freelance-writer summaries by humans.
tang2023medevidence,Tang et al.,2023,npj Digital Medicine,10.1038/s41746-023-00896-7,Medicine & Clinical,pointwise-scoring,mixed,high,GPT-3.5/4,clinicians,pct_agreement,raw-agreement,,,no,4,Caution / limited,2,factual inconsistency;hallucination,,primary,LLM medical-evidence summaries show factual errors/hallucination on expert review; not yet reliable.
hackl2023reliablerater,Hackl et al.,2023,Frontiers in Education,10.3389/feduc.2023.1272229,Education & Grading,pointwise-scoring,subjective,medium,GPT-4,(intra-rater consistency),icc,correlation,,,approx,2,Promising (conditional),4,—,,primary,GPT-4 shows high intra-rater consistency rating student feedback across repeated runs (reliable rater).
grevisse2024asagmed,Grévisse,2024,BMC Medical Education,10.1186/s12909-024-06026-5,Education & Grading,classification-annotation,mixed,medium,LLMs,instructors,pct_agreement,raw-agreement,,,approx,2,Promising (conditional),4,—,,primary,LLM-based automatic short-answer grading usable in undergraduate medical education with oversight.
yancey2023cefr,Yancey et al.,2023,BEA@ACL,10.18653/v1/2023.bea-1.49,Education & Grading,pointwise-scoring,mixed,medium,GPT-4,human raters,qwk,chance-corrected,,,no,3,Mixed / task-dependent,3,—,,primary,GPT-4 rates short L2 essays on CEFR scale; few-shot approaches but stays below expert agreement.
floden2024gradingexams,Flodén,2024,Br. Educ. Res. J.,10.1002/berj.4069,Education & Grading,pointwise-scoring,subjective,medium,GPT-4,human graders,pct_agreement,raw-agreement,,,no,3,Mixed / task-dependent,3,diverges on nuance,,primary,Comparison of human vs LLM exam grading: correlated but systematic divergences on nuanced answers.
kortemeyer2023physics,Kortemeyer,2023,Phys. Rev. Phys. Educ. Res.,10.1103/physrevphyseducres.19.020163,Education & Grading,pointwise-scoring,objective,medium,GPT-4,instructor,pct_agreement,raw-agreement,,,approx,3,Mixed / task-dependent,3,partial-credit errors,,primary,AI grading of intro-physics solutions feasible but struggles with partial credit; needs oversight.
dubois2023alpacafarm,Dubois et al.,2023,NeurIPS,2305.14387,General NLG,pairwise-comparison,mixed,low,GPT-4 (sim. annotators),human pref,winrate_corr,correlation,0.98,,yes,2,Promising (conditional),4,—,,primary,"AlpacaFarm: simulated LLM-judge win-rates rank methods at ~0.98 correlation with human win-rates, 50x cheaper."
quah2024dentalaes,Quah et al.,2024,BMC Medical Education,10.1186/s12909-024-05881-6,Education & Grading,pointwise-scoring,mixed,medium,ChatGPT,examiners,icc,correlation,,,no,3,Mixed / task-dependent,3,—,,primary,ChatGPT essay scoring in dental exams: only moderate reliability vs examiners; not stand-alone.
gao2025nlgsurvey,Gao et al.,2025,Computational Linguistics,10.1162/coli_a_00561,Methodology & Bias,survey,mixed,low,—,—,,,,,n.r.,3,Mixed / task-dependent,3,—,,secondary,"Survey of LLM-based NLG evaluation: status, meta-evaluation methods, and open reliability challenges."
khondaker2023gptaraeval,Khondaker et al.,2023,EMNLP,2305.14976,Multilingual,classification-annotation,mixed,medium,ChatGPT,gold,f1,raw-agreement,,,no,4,Caution / limited,2,non-English degradation,,primary,GPTAraEval: ChatGPT lags dedicated/Arabic models across 44 Arabic NLP tasks (multilingual gap).
khademi2023bardassessment,Khademi,2023,J. Appl. Learn. Teach.,10.37074/jalt.2023.6.1.28,Education & Grading,pointwise-scoring,mixed,medium,ChatGPT;Bard,human,pct_agreement,raw-agreement,,,no,3,Mixed / task-dependent,3,—,,primary,ChatGPT/Bard assessment-item alignment shows only low-moderate reliability vs human standards.
zhuang2024beyondyesno,Zhuang et al.,2024,NAACL,10.18653/v1/2024.naacl-short.31,IR & Relevance,ranking,mixed,low,LLM rankers,human relevance,kendall,correlation,,,approx,2,Promising (conditional),4,—,,primary,Fine-grained relevance scoring (beyond yes/no) improves zero-shot LLM ranker agreement with humans.
alaofi2024fooledrelevant,Alaofi et al.,2024,SIGIR-AP,10.1145/3673791.3698431,IR & Relevance,classification-annotation,mixed,low,GPT-4-class,assessors,pct_agreement,raw-agreement,,,no,4,Caution / limited,2,keyword-stuffing/prompt-injection,,primary,LLM relevance labellers can be fooled by injected keywords to mark irrelevant docs relevant (robustness).
wang2025setesting,Wang et al.,2025,ACM TOSEM,10.1145/3728963,Code & SW Eng,pairwise-comparison,objective,medium,LLM judges,developers,pct_agreement,raw-agreement,,,no,3,Mixed / task-dependent,3,—,,primary,"Empirical study of LLM-as-a-judge in software testing: partial substitution, notable disagreement cases."
ollion2023mindhype,Ollion et al.,2023,Sociol. Methods Res.,10.31235/osf.io/x58kn,Social-Science Annotation,classification-annotation,mixed,medium,ChatGPT,human,pct_agreement,raw-agreement,,,no,4,Caution / limited,2,reproducibility;validity overstated,,primary,'Mind the Hype': cautions that ChatGPT annotation reliability is overstated; reproducibility/validity risks.
cegin2023paraphrases,Cegin et al.,2023,EMNLP,2305.12947,Social-Science Annotation,classification-annotation,mixed,low,ChatGPT,crowd,pct_agreement,raw-agreement,,,approx,3,Mixed / task-dependent,3,lower robustness diversity,,primary,ChatGPT paraphrases for intent classification: more diverse but less robust than crowdsourced ones.
song2024finesure,Song et al.,2024,ACL,2407.00908,Summarization,fact-verification,mixed,low,GPT-4,human,pct_agreement,raw-agreement,,,approx,2,Promising (conditional),4,—,,primary,FineSurE: fine-grained faithfulness/completeness/conciseness scoring correlates better with humans.
li2023hotchatgpt,Li et al.,2023,arXiv,2304.10619,Content Moderation & Toxicity,classification-annotation,subjective,medium,ChatGPT,human labels,pct_agreement,raw-agreement,,,approx,3,Mixed / task-dependent,3,inconsistency,,primary,'HOT' ChatGPT detects hateful/offensive/toxic content with fair human agreement but inconsistencies remain.
wang2024clinicalevent,Wang et al.,2024,J. Gastroenterol. Hepatol.,10.1111/jgh.16561,Medicine & Clinical,classification-annotation,objective,high,GPT-4,clinicians,pct_agreement,raw-agreement,,,approx,2,Promising (conditional),4,—,,primary,GPT-4 validated for structured clinical-event classification with high agreement vs clinicians.
croxford2025clinsummjudge,Croxford et al.,2025,npj Digital Medicine,10.1038/s41746-025-02005-2,Medicine & Clinical,pointwise-scoring,mixed,high,LLM judges,clinicians,pct_agreement,raw-agreement,,,no,3,Mixed / task-dependent,3,misses clinical errors,,primary,Using LLMs as judges for clinical AI summaries: partial alignment; can miss clinically important errors.
pan2024hcdjudge,Pan et al.,2024,HuCLLM@ACL,10.18653/v1/2024.hucllm-1.2,Methodology & Bias,pointwise-scoring,mixed,low,—,practitioners,,,,,n.r.,3,Mixed / task-dependent,3,—,,secondary,Human-centered design recommendations for deploying LLM-as-a-judge responsibly (with human oversight).
hua2025mhscoping,Hua et al.,2025,npj Digital Medicine,10.1038/s41746-025-01611-4,Mental Health,review,subjective,high,—,experts,,,,,n.r.,4,Caution / limited,2,validation gaps,,secondary,Scoping review of LLMs for generative mental-health tasks: validation and safety evaluation gaps remain.
gao2023humanlike,Gao et al.,2023,arXiv,2304.02554,Summarization,pointwise-scoring,subjective,low,ChatGPT,human,spearman,correlation,,,approx,3,Mixed / task-dependent,3,verbosity,,primary,Human-like summarization evaluation with ChatGPT; correlates with humans but sensitive to aspect/prompt.
luo2023factinconsistency,Luo et al.,2023,arXiv,2303.15621,Summarization,fact-verification,mixed,low,ChatGPT,human,pct_agreement,raw-agreement,,,approx,3,Mixed / task-dependent,3,—,,primary,ChatGPT as a factual-inconsistency evaluator for summarization; decent but below specialized metrics on some sets.
li2023coannotating,Li et al.,2023,EMNLP-F,2310.15638,Information Extraction (NER/NLI),classification-annotation,mixed,low,LLM,human,pct_agreement,raw-agreement,,,approx,2,Promising (conditional),4,—,,primary,"CoAnnotating allocates items between human and LLM by uncertainty, preserving quality at lower cost."
nasution2024chatgptlabel,Nasution & Onan,2024,IEEE Access,10.1109/access.2024.3402809,Information Extraction (NER/NLI),classification-annotation,mixed,low,ChatGPT,human,accuracy,raw-agreement,,,approx,3,Mixed / task-dependent,3,—,,primary,Compares human- vs LLM-generated annotations; LLM labels competitive on several text tasks.
aldeen2023chatgptvshuman,Aldeen et al.,2023,ICMLA,10.1109/icmla58977.2023.00089,Social-Science Annotation,classification-annotation,mixed,low,ChatGPT,human,accuracy,raw-agreement,,,no,3,Mixed / task-dependent,3,—,,primary,"Comprehensive ChatGPT-vs-human annotation analysis; strong on objective categories, weaker on subjective."
ronningstad2024gptannotator,Ronningstad et al.,2024,LAW@ACL,10.18653/v1/2024.law-1.13,Information Extraction (NER/NLI),classification-annotation,mixed,medium,LLM,human,f1,raw-agreement,,,no,3,Mixed / task-dependent,3,—,,primary,LLM entity-level sentiment annotation approaches but trails expert annotators.
qiu2025labelensemble,Qiu et al.,2025,arXiv,2501.08413,Information Extraction (NER/NLI),classification-annotation,mixed,low,LLM ensemble,human,accuracy,raw-agreement,,,approx,2,Promising (conditional),4,—,,primary,Language-model ensembles label free-text data near human quality with calibrated abstention.
niu2024text2emotion,Niu et al.,2024,Interspeech,2408.17026,Sentiment & Emotion,classification-annotation,subjective,low,LLMs,human,pct_agreement,raw-agreement,,,no,3,Mixed / task-dependent,3,subjectivity,,primary,LLM emotion annotation moderately agrees with humans; struggles with ambiguous/affective labels.
koptyra2023clarinemo,Koptyra et al.,2023,ICCS (LNCS),10.1007/978-3-031-35995-8_26,Sentiment & Emotion,classification-annotation,subjective,low,ChatGPT,human,pct_agreement,raw-agreement,,,no,3,Mixed / task-dependent,3,—,,primary,"CLARIN-Emo: ChatGPT emotion annotation usable, but human annotation remains superior for model training."
li2024stance,Li & Conrad,2024,arXiv,2406.07483,Social-Science Annotation,classification-annotation,mixed,low,LLM,human,pct_agreement,raw-agreement,,,approx,3,Mixed / task-dependent,3,—,,primary,Comparative analysis of LLM stance annotation in social media; competitive with crowd on clear cases.
nguyen2024crisismisinfo,Nguyen & Rudra,2024,WWW,10.1145/3589334.3648141,Content Moderation & Toxicity,classification-annotation,mixed,medium,ChatGPT,human,f1,raw-agreement,,,no,3,Mixed / task-dependent,3,—,,primary,Human vs ChatGPT annotation for crisis misinformation; LLM helps but interpretable human labels still differ.
leas2023contentanalysis,Leas et al.,2023,J. Med. Internet Res.,10.2196/52499,Qualitative Coding,classification-annotation,subjective,medium,ChatGPT,human,pct_agreement,raw-agreement,,,approx,3,Mixed / task-dependent,3,—,,primary,"ChatGPT supports content analysis with reasonable concordance; recommended as assistant, not replacement."
kaikaus2023financecorpora,Kaikaus et al.,2023,IEEE BigData,10.1109/bigdata59044.2023.10386425,Finance,classification-annotation,mixed,medium,ChatGPT,human,accuracy,raw-agreement,,,no,3,Mixed / task-dependent,3,—,,primary,Humans vs ChatGPT on financial-corpus annotation; ChatGPT trails experts on nuanced financial labels.
clarke2024cantreplace,Clarke & Dietz,2024,arXiv,2412.17156,IR & Relevance,classification-annotation,mixed,low,LLM,assessors,kappa,chance-corrected,,,no,4,Caution / limited,2,—,,primary,Argues LLM relevance assessment STILL cannot replace human assessors for reliable IR evaluation (counterpoint).
arabzadeh2025benchrelevance,Arabzadeh & Clarke,2025,arXiv,2504.12558,IR & Relevance,classification-annotation,mixed,low,LLM,assessors,kappa,chance-corrected,,,approx,3,Mixed / task-dependent,3,—,,primary,Benchmarks LLM relevance-judgment methods; agreement varies widely by method and prompt design.
lu2023erroranalysis,Lu et al.,2023,arXiv,2303.13809,Machine Translation,fact-verification,objective,medium,GPT,MQM experts,kendall,correlation,,,approx,2,Promising (conditional),4,—,,primary,"Error-analysis prompting yields human-like MT evaluation, improving correlation with MQM labels."
huang2024nlexpl,Huang et al.,2024,LREC-COLING,2403.17368,General NLG,pointwise-scoring,subjective,low,ChatGPT,human,pct_agreement,raw-agreement,,,approx,3,Mixed / task-dependent,3,scale sensitivity,,primary,"ChatGPT rates NL-explanation quality like humans, but agreement depends strongly on the rating scale."
guo2023howclose,Guo et al.,2023,arXiv,2301.07597,QA & Factuality,pointwise-scoring,mixed,medium,human experts,human experts,pct_agreement,raw-agreement,,,no,3,Mixed / task-dependent,3,—,,primary,HC3: experts compare ChatGPT vs human answers; gaps remain on helpfulness and factual depth.
doostmohammadi2024autoeval,Doostmohammadi et al.,2024,EMNLP-F,10.18653/v1/2024.findings-emnlp.367,General NLG,pointwise-scoring,mixed,low,LLM judges,human,pct_agreement,raw-agreement,,,no,3,Mixed / task-dependent,3,—,,primary,Automatic evaluation methods for instruction-tuned LLMs are only moderately reliable; method choice matters.
zhang2023widerdeeper,Zhang et al.,2023,arXiv,2308.01862,General NLG,pairwise-comparison,mixed,low,multi-LLM,human,pct_agreement,raw-agreement,,,approx,3,Mixed / task-dependent,3,—,,primary,Networks of collaborating/debating LLM evaluators are fairer and better-aligned than single judges.
zhu2024nationalitybias,Zhu et al.,2024,LREC-COLING,2405.06996,Methodology & Bias,pointwise-scoring,mixed,low,LLMs,human,pct_agreement,raw-agreement,,,no,4,Caution / limited,2,nationality bias,,primary,LLM evaluators exhibit nationality bias; overall quality good but not bias-free.
saito2023verbositybias,Saito et al.,2023,arXiv,2310.10076,Methodology & Bias,pairwise-comparison,mixed,low,LLMs,human,pct_agreement,raw-agreement,,,no,4,Caution / limited,2,verbosity/length,,primary,Quantifies verbosity bias in LLM preference labeling: longer answers favored independent of quality.
li2024splitmerge,Li et al.,2024,EMNLP,10.18653/v1/2024.emnlp-main.621,Methodology & Bias,pairwise-comparison,mixed,low,LLMs,human,pct_agreement,raw-agreement,,,approx,3,Mixed / task-dependent,3,position bias (mitigated),,primary,"Split-and-Merge aligns position biases in LLM evaluators, improving agreement with humans."
liu2024pairwisepref,Liu et al.,2024,arXiv,2403.16950,Methodology & Bias,pairwise-comparison,mixed,low,LLMs,human,pct_agreement,raw-agreement,,,approx,2,Promising (conditional),4,—,,primary,Pairwise preference aligns LLM evaluators with human judgement better than pointwise scoring.
liu2023trustworthy,Liu et al.,2023,arXiv,2308.05374,Methodology & Bias,survey,mixed,low,—,—,,,,,n.r.,3,Mixed / task-dependent,3,—,,secondary,Survey/guideline for evaluating LLM alignment dimensions; evaluation reliability among the key challenges.
voutsa2025biaseddesign,Voutsa et al.,2025,Applied Informatics,10.3390/ai6080178,Methodology & Bias,classification-annotation,mixed,low,LLMs,human,pct_agreement,raw-agreement,,,no,4,Caution / limited,2,design-induced bias,,primary,Evaluates bias and behavioral diversity in LLM annotation; systematic biases arise from design choices.
chung2025verifact,Chung et al.,2025,arXiv,2501.16672,Medicine & Clinical,fact-verification,mixed,high,LLM,clinicians+EHR,pct_agreement,raw-agreement,,,approx,3,Mixed / task-dependent,3,—,,primary,VeriFact verifies facts in LLM clinical text against the EHR; agreement with clinicians moderate-to-high.
kim2025emulate,Kim & Kim,2025,J. Med. Internet Res.,10.2196/63631,Medicine & Clinical,pointwise-scoring,mixed,high,LLM,human experts,pct_agreement,raw-agreement,,,no,3,Mixed / task-dependent,3,—,,primary,LLMs emulate human-expert evaluation with limited accuracy on nuanced health-communication judgments.
croxford2025autoeval,Croxford et al.,2025,medRxiv,10.1101/2025.04.22.25326219,Medicine & Clinical,pointwise-scoring,mixed,high,LLM judges,clinicians,pct_agreement,raw-agreement,,,no,3,Mixed / task-dependent,3,—,,primary,"Automating evaluation of healthcare AI text with an LLM judge; partial alignment, residual clinical error."
hou2024classroom,Hou et al.,2024,AIED,2404.15531,Education & Grading,pointwise-scoring,subjective,medium,multimodal LLM,human raters,icc,correlation,,,approx,3,Mixed / task-dependent,3,—,,primary,Automated multimodal assessment of classroom encouragement/warmth correlates moderately with human raters.
koraishi2024langassess,Koraishi,2024,Lang. Teach. Res. Q.,10.32038/ltrq.2024.43.02,Education & Grading,pointwise-scoring,mixed,medium,ChatGPT,human,pct_agreement,raw-agreement,,,approx,3,Mixed / task-dependent,3,—,,primary,Reliability study of GPT for language assessment; promising but requires human moderation.
haase2025creativitypeaked,Haase et al.,2025,J. Creativity,10.1016/j.yjoc.2025.100113,Creative Writing,pointwise-scoring,subjective,medium,LLMs,human,pct_agreement,raw-agreement,,,no,4,Caution / limited,2,—,,primary,Asks whether LLM creativity has peaked; human evaluation shows a plateau and divergence from human creativity.
rose2025rob,Rose et al.,2025,BMC Med. Res. Methodol.,10.1186/s12874-025-02631-0,Peer Review & Science,classification-annotation,objective,high,ChatGPT,reviewers,kappa,chance-corrected,,,no,3,Mixed / task-dependent,3,—,,primary,ChatGPT risk-of-bias assessment in RCTs partially agrees with human reviewers; not yet standalone.
thakur2024judgingjudges,Thakur et al.,2024,arXiv,2406.12624,Methodology & Bias,pairwise-comparison,mixed,low,LLM judges,human,pct_agreement,raw-agreement,,,no,3,Mixed / task-dependent,3,alignment gaps;vulnerabilities,,primary,Judging the Judges: LLM judges align moderately with humans but are vulnerable and inconsistent across setups.
hsu2023figurecaption,Hsu et al.,2023,EMNLP-F,10.18653/v1/2023.findings-emnlp.363,General NLG,pointwise-scoring,mixed,medium,GPT-4,human,spearman,correlation,,,approx,2,Promising (conditional),4,—,,primary,"GPT-4 is an effective zero-shot evaluator for scientific figure captions, correlating with expert ratings."
lai2023styletransfer,Lai et al.,2023,arXiv,2304.13462,General NLG,pointwise-scoring,subjective,low,ChatGPT,human,spearman,correlation,,,approx,3,Mixed / task-dependent,3,—,,primary,Multidimensional ChatGPT evaluation of text style transfer correlates with humans on some dimensions.
wang2024beyondagreement,Wang et al.,2024,EMNLP-F,10.18653/v1/2024.findings-emnlp.520,Education & Grading,pointwise-scoring,subjective,medium,LLM,human,qwk,chance-corrected,,,no,3,Mixed / task-dependent,3,rationale misalignment,,primary,Beyond Agreement: AES methods can match scores while misaligning on rationale -- agreement alone misleads.
wataoka2024selfpref,Wataoka et al.,2024,arXiv,2410.21819,Methodology & Bias,pairwise-comparison,mixed,low,LLM judges,human,pct_agreement,raw-agreement,,,no,4,Caution / limited,2,self-preference (perplexity-linked),,primary,"Self-preference bias: LLM judges favour outputs they assign lower perplexity, i.e., their own style."
frobe2025assessorsagree,Frobe et al.,2025,SIGIR,10.1145/3726302.3730218,IR & Relevance,classification-annotation,mixed,low,LLM assessors,human,kappa,chance-corrected,,,no,4,Caution / limited,2,homogeneity/correlated errors,,primary,"LLM relevance assessors agree with EACH OTHER more than with humans -- shared blind spots, not human alignment."
arabzadeh2025promptsens,Arabzadeh & Clarke,2025,arXiv,2504.12408,IR & Relevance,classification-annotation,mixed,low,LLM,human,kappa,chance-corrected,,,no,3,Mixed / task-dependent,3,prompt sensitivity,,primary,Human-AI analysis of prompt sensitivity in LLM relevance judgments: small prompt changes shift agreement.
lin2024wildbench,Lin et al.,2024,arXiv,2406.04770,General NLG,pairwise-comparison,mixed,low,GPT-4-class,Chatbot Arena humans,winrate_corr,correlation,0.98,,yes,2,Promising (conditional),4,length,,primary,WildBench: checklist-guided LLM-judge scores correlate ~0.98 with human Chatbot-Arena Elo on real-user tasks.
brake2024clinicalnote,Brake & Schaaf,2024,NAACL-F,10.18653/v1/2024.findings-naacl.25,Medicine & Clinical,pointwise-scoring,mixed,high,LLM,clinicians,pct_agreement,raw-agreement,,,no,3,Mixed / task-dependent,3,—,,primary,Is an LLM a useful evaluator for clinical note generation? Partially; misses some clinically salient errors.
mehta2025qualgenai,Mehta et al.,2025,Scientific Reports,10.1038/s41598-025-18969-w,Qualitative Coding,classification-annotation,subjective,medium,LLMs,researchers,pct_agreement,raw-agreement,,,approx,3,Mixed / task-dependent,3,—,,primary,Evaluation of LLMs in qualitative research: useful coding support with moderate agreement; human oversight needed.
ahmad2025moralmachine,Ahmad & Takemoto,2025,PLoS ONE,10.1371/journal.pone.0322776,Social-Science Annotation,classification-annotation,subjective,low,LLMs,human (Moral Machine),pct_agreement,raw-agreement,,,no,3,Mixed / task-dependent,3,value misalignment,,primary,Large-scale Moral Machine on LLMs: LLM moral judgments partly track human preferences but deviate systematically.
hu2025trainjudge,Hu et al.,2025,arXiv,2502.02988,Methodology & Bias,pointwise-scoring,mixed,low,trained LLM judge,human,pct_agreement,raw-agreement,,,approx,2,Promising (conditional),4,—,,primary,Practical pipeline for training an LLM-as-a-judge; fine-tuning improves human alignment over prompting alone.
kholodna2024activelearning,Kholodna et al.,2024,arXiv,2404.02261,Information Extraction (NER/NLI),classification-annotation,mixed,low,LLM,human,f1,raw-agreement,,,approx,2,Promising (conditional),4,—,,primary,"LLMs-in-the-loop: LLM annotations drive active learning, cutting human labeling while retaining accuracy."
li2024pedants,Li et al.,2024,EMNLP-F,10.18653/v1/2024.findings-emnlp.548,QA & Factuality,fact-verification,objective,low,LLM,human,pct_agreement,raw-agreement,,,yes,2,Promising (conditional),4,—,,primary,PEDANTS: interpretable answer-equivalence judging for QA matches human judgments far better than exact match.
shopovski2025peerreview,Shopovski et al.,2025,Preprints.org,10.20944/preprints202502.0058.v1,Peer Review & Science,pointwise-scoring,mixed,high,ChatGPT,human reviewers,pct_agreement,raw-agreement,,,no,3,Mixed / task-dependent,3,—,,primary,"Comparative analysis of ChatGPT vs human peer review: overlap on broad points, divergence on technical depth."
zhu2023judgelm,Zhu et al.,2023,ICLR'25,2310.17631,Methodology & Bias,pairwise-comparison,mixed,low,JudgeLM (7B-33B),human + GPT-4,pct_agreement,raw-agreement,,,approx,2,Promising (conditional),4,position;knowledge;format (mitigated),,primary,"JudgeLM: fine-tuned judges reach >90% agreement with GPT-4, exceeding human-human agreement; swap/reference augmentation."
wang2023pandalm,Wang et al.,2023,ICLR'24,2306.05087,General NLG,pairwise-comparison,mixed,low,PandaLM (7B-70B),human-annotated test set,accuracy,raw-agreement,,,approx,2,Promising (conditional),4,—,,primary,"PandaLM judge LLM validated on a human-labeled test set; PandaLM-7B ~ GPT-3.5/4, 70B surpasses them."
li2023autoj,Li et al.,2023,ICLR'24,2310.05470,General NLG,pairwise-comparison,mixed,low,Auto-J (13B),human preference,pct_agreement,raw-agreement,,,approx,3,Mixed / task-dependent,3,—,,primary,"Auto-J generative judge with critiques across 58 real-world scenarios; pairwise + pointwise, human-aligned but imperfect."
wang2023shepherd,Wang et al.,2023,arXiv,2308.04592,Methodology & Bias,pointwise-scoring,mixed,low,Shepherd (7B),human + GPT-4,pct_agreement,raw-agreement,,,approx,2,Promising (conditional),4,—,,primary,Shepherd critic (7B) produces feedback rated equivalent/preferred to ChatGPT; 53-87% win-rate vs alternatives.
ke2024critiquellm,Ke et al.,2024,ACL,10.18653/v1/2024.acl-long.704,Methodology & Bias,pointwise-scoring,mixed,low,CritiqueLLM,human,spearman,correlation,,,approx,3,Mixed / task-dependent,3,—,,primary,CritiqueLLM critique model correlates with humans on most tasks but degrades on reasoning/math critiques.
yuan2024selfrewarding,Yuan et al.,2024,ICML,2401.10020,Reward Modeling,pairwise-comparison,mixed,low,self-judging LLM,human preference,pct_agreement,raw-agreement,,,approx,3,Mixed / task-dependent,3,self-preference risk,,primary,Self-Rewarding LMs use LLM-as-judge to reward themselves; reward quality improves over iterations (but self-bias risk).
wu2024metarewarding,Wu et al.,2024,EMNLP'25,2407.19594,Reward Modeling,pairwise-comparison,mixed,low,LLM meta-judge,human preference,pct_agreement,raw-agreement,,,approx,3,Mixed / task-dependent,3,—,,primary,Meta-Rewarding: the model judges its own judgments; meta-judge step improves judging skill and alignment.
li2024arenahard,Li et al.,2024,NeurIPS,2406.11939,General NLG,pairwise-comparison,mixed,low,GPT-4 judge (Arena-Hard),Chatbot Arena humans,pct_agreement,raw-agreement,0.89,,yes,2,Promising (conditional),4,length (controlled),,primary,Arena-Hard/BenchBuilder: automatic LLM-judge benchmark reaches 89.1% agreement (up to 98.6% confidence) with Chatbot Arena.
chiang2024arena,Chiang et al.,2024,ICML,2403.04132,General NLG,pairwise-comparison,mixed,low,crowd + LLM judge,experts,pct_agreement,raw-agreement,,,yes,1,Validated,5,—,,primary,Chatbot Arena: open human-preference platform; crowd votes agree with experts and ground LLM-judge validation (>2.5M votes).
meng2024chalet,Meng et al.,2024,ACM TOCHI,2405.05758,Qualitative Coding,classification-annotation,subjective,medium,LLM (CHALET),researchers,pct_agreement,raw-agreement,,,approx,3,Mixed / task-dependent,3,—,,primary,CHALET: human-LLM partnership for theory-driven qualitative analysis via iterative coding and disagreement analysis (HCI).
wu2023llmworkers,Wu et al.,2023,arXiv,2307.10168,Social-Science Annotation,classification-annotation,mixed,low,LLMs,crowd workers,pct_agreement,raw-agreement,,,approx,3,Mixed / task-dependent,3,—,,primary,LLMs as workers in human-computation pipelines: replicate multi-step crowdsourcing workflows with mixed fidelity (CSCW/HCOMP).
zhu2023reproduce,Zhu et al.,2023,arXiv,2304.10145,Social-Science Annotation,classification-annotation,subjective,low,ChatGPT,human,pct_agreement,raw-agreement,,,no,3,Mixed / task-dependent,3,—,,primary,"Can ChatGPT reproduce human labels for social-computing tasks? Good on some, poor on subjective/cultural ones (CSCW)."
desmond2024evalullm,Desmond et al.,2024,IUI,10.1145/3640544.3645216,Methodology & Bias,pointwise-scoring,subjective,low,LLM (EvaluLLM),practitioners,pct_agreement,raw-agreement,,,approx,3,Mixed / task-dependent,3,—,,primary,EvaluLLM: interactive HCI system for LLM-assisted evaluation of generative outputs against user-defined criteria (IUI).
kim2024meganno,Kim et al.,2024,EACL (demo),10.18653/v1/2024.eacl-demo.18,Information Extraction (NER/NLI),classification-annotation,mixed,low,LLM,human,f1,raw-agreement,,,approx,2,Promising (conditional),4,—,,primary,MEGAnno+: human-LLM collaborative annotation with LLM pre-labels and required human verification.
duan2024uimockup,Duan et al.,2024,CHI,2403.13139,Multimodal (Vision-Language),pointwise-scoring,subjective,medium,multimodal LLM,designers,pct_agreement,raw-agreement,,,no,3,Mixed / task-dependent,3,—,,primary,LLM feedback on UI mockups partially matches expert designer feedback; useful first-pass but misses design nuance (HCI).
lin2023llmeval,Lin & Chen,2023,NLP4ConvAI@ACL,10.18653/v1/2023.nlp4convai-1.5,Dialogue,pointwise-scoring,subjective,low,LLM (LLM-Eval),human,spearman,correlation,,,approx,2,Promising (conditional),4,—,,primary,LLM-Eval: single-prompt multi-dimensional dialogue evaluation correlating with human ratings across benchmarks.
chan2023chateval,Chan et al.,2023,ICLR'24,2308.07201,General NLG,pairwise-comparison,mixed,low,multi-agent LLMs,human,pct_agreement,raw-agreement,,,approx,3,Mixed / task-dependent,3,—,,primary,ChatEval: multi-agent debate among LLM evaluators improves agreement with human judgments over a single judge.
hashemi2024llmrubric,Hashemi et al.,2024,ACL'25,2501.00274,General NLG,pointwise-scoring,mixed,low,LLM + calibration,human,pearson,correlation,,,approx,2,Promising (conditional),4,—,,primary,LLM-Rubric: multidimensional rubric scoring with a small calibration network markedly improves human correlation.
ostyakova2023crowdexperts,Ostyakova et al.,2023,SIGDIAL,10.18653/v1/2023.sigdial-1.23,Social-Science Annotation,classification-annotation,mixed,medium,ChatGPT,crowd + experts,pct_agreement,raw-agreement,,,approx,3,Mixed / task-dependent,3,—,,primary,ChatGPT vs crowdsourcing vs experts annotating open-domain dialogue: ChatGPT between crowd and expert quality.
xie2023nextchapter,Xie et al.,2023,INLG,10.18653/v1/2023.inlg-main.23,Creative Writing,pointwise-scoring,subjective,medium,LLM,human,pct_agreement,raw-agreement,,,no,3,Mixed / task-dependent,3,—,,primary,The Next Chapter: human + automatic evaluation of LLM storytelling; LLM evaluators only partially track human judgments.
ni2024afacta,Ni et al.,2024,ACL,10.18653/v1/2024.acl-long.104,Fact-Checking,classification-annotation,mixed,medium,GPT-4,human,pct_agreement,raw-agreement,,,approx,2,Promising (conditional),4,—,,primary,AFaCTA: LLM-assisted annotation of factual-claim detection with calibrated confidence; high agreement with experts.
lee2023rlaif,Lee et al.,2023,ICML'24,2309.00267,Reward Modeling,pairwise-comparison,mixed,low,LLM labeler,human preference,pct_agreement,raw-agreement,,,approx,3,Mixed / task-dependent,3,—,,primary,RLAIF vs RLHF: AI (LLM) preference labels yield comparable downstream gains to human labels on summarization/dialogue.
jung2024trustescalate,Jung et al.,2024,EMNLP'24,2407.18370,Methodology & Bias,pairwise-comparison,mixed,low,LLM judge (selective),human,pct_agreement,raw-agreement,,,approx,2,Promising (conditional),4,—,,primary,Trust-or-Escalate: confidence-based selective LLM judging with provable human-agreement guarantees; escalate hard cases.
li2025prefleakage,Li et al.,2025,arXiv,2502.01534,Methodology & Bias,pairwise-comparison,mixed,low,LLM judges,human,pct_agreement,raw-agreement,,,no,4,Caution / limited,2,preference leakage (generator-judge contamination),,primary,"Preference Leakage: when judge and generated-data model are related, judges are biased toward those outputs (contamination)."
murugadoss2025evaltheeval,Murugadoss et al.,2025,AAAI,10.1609/aaai.v39i18.34157,Methodology & Bias,pointwise-scoring,mixed,low,LLM judges,human,pct_agreement,raw-agreement,,,no,3,Mixed / task-dependent,3,instruction non-adherence,,primary,Evaluating the Evaluator: LLM judges often fail to adhere to the task evaluation instructions/rubric they are given.
fan2024sedareval,Fan et al.,2024,EMNLP-F,10.18653/v1/2024.findings-emnlp.984,Methodology & Bias,pointwise-scoring,mixed,low,LLM (SedarEval),human,pct_agreement,raw-agreement,,,approx,2,Promising (conditional),4,—,,primary,SedarEval: self-adaptive scoring rubrics improve LLM-judge agreement with human grading over generic prompts.
horych2025promisespitfalls,Horych et al.,2025,NAACL-F,10.18653/v1/2025.findings-naacl.75,Social-Science Annotation,classification-annotation,mixed,low,LLMs,human,f1,raw-agreement,,,no,3,Mixed / task-dependent,3,label artifacts,,primary,Promises and pitfalls of LLM dataset annotations: convenient but can inject systematic artifacts vs human labels.
gao2025reranking,Gao et al.,2025,NAACL-F,10.18653/v1/2025.findings-naacl.260,Methodology & Bias,ranking,mixed,low,LLM judges,human preference,kendall,correlation,,,no,3,Mixed / task-dependent,3,—,,primary,Re-evaluating automatic LLM system ranking: judge-induced rankings only partially align with human-preference rankings.
yamauchi2025designchoices,Yamauchi et al.,2025,arXiv,2506.13639,Methodology & Bias,pointwise-scoring,mixed,low,LLM judges,human,pct_agreement,raw-agreement,,,no,3,Mixed / task-dependent,3,design-choice sensitivity,,primary,"Empirical study: LLM-as-judge design choices (prompt, scale, format) materially change human agreement."
huang2025empiricaljudge,Huang et al.,2025,ACL-F,10.18653/v1/2025.findings-acl.306,Methodology & Bias,pointwise-scoring,mixed,low,LLM judges,human,pct_agreement,raw-agreement,,,no,3,Mixed / task-dependent,3,—,,primary,"Empirical study of LLM-as-a-judge for LLM evaluation: fine-tuning and aggregation help, but biases persist."
